Count,Tradelist Count,Name,Edition,Card Number,Condition,Language,Foil,Signed,Artist Proof,Altered Art,Misprint,Promo,Textless,My Price,Rarity,Price,match_name,match_edition,sellPrice,_merge,Reconstructed Tradelist Count,Trader Tools Sell Price,Reconstructed My Price,Reconciliation Status,Exception Reason
9,8,Aegis Angel,Magic Origins,273,Near Mint,English,,,,,,,,0.0,Rare,$0.59,aegis angel,magic origins,,left_only,8,,,Exception,"Name and edition exist, but pair does not match"
2,0,Aerathi Berserker,Legends,131,Near Mint,English,,,,,,,,,Uncommon,$0.56,aerathi berserker,legends,,left_only,2,,,Exception,Card name absent from Trader Tools
2,0,Aether Barrier,Nemesis,27,Near Mint,English,,,,,,,,,Rare,$0.37,aether barrier,nemesis,,left_only,2,,,Exception,Card name absent from Trader Tools
7,0,Aether Mutation,Apocalypse,91,Near Mint,English,,,,,,,,,Uncommon,$0.23,aether mutation,apocalypse,,left_only,7,,,Exception,Card name absent from Trader Tools
1,0,Aether Tide,Exodus,27,Near Mint,English,,,,,,,,,Common,$0.15,aether tide,exodus,,left_only,1,,,Exception,Card name absent from Trader Tools
4,0,Arena,Media Inserts,1,Near Mint,English,,,,,,,,,Special,$1.34,arena,media inserts,,left_only,4,,,Exception,Edition absent from Trader Tools
1,0,Assault // Battery,Invasion,295,Near Mint,English,,,,,,,,,Uncommon,$0.18,assault // battery,invasion,,left_only,1,,,Exception,Split card absent from Trader Tools
51,8,Beck // Call,Dragon's Maze,123,Near Mint,English,,,,,,,,0.0,Rare,$0.62,beck // call,dragon's maze,,left_only,8,,,Exception,Split card absent from Trader Tools
2,0,Brassclaw Orcs,Fallen Empires,100,Near Mint,English,,,,,,,,,Common,$0.18,brassclaw orcs,fallen empires,,left_only,2,,,Exception,Card name absent from Trader Tools
7,0,Brassclaw Orcs,Fallen Empires,101,Near Mint,English,,,,,,,,,Common,$0.15,brassclaw orcs,fallen empires,,left_only,7,,,Exception,Card name absent from Trader Tools
4,0,Brassclaw Orcs,Fallen Empires,102,Near Mint,English,,,,,,,,,Common,$0.18,brassclaw orcs,fallen empires,,left_only,4,,,Exception,Card name absent from Trader Tools
4,0,Brassclaw Orcs,Fallen Empires,103,Near Mint,English,,,,,,,,,Common,$0.18,brassclaw orcs,fallen empires,,left_only,4,,,Exception,Card name absent from Trader Tools
33,8,Breaking // Entering,Dragon's Maze,124,Near Mint,English,,,,,,,,0.0,Rare,$0.77,breaking // entering,dragon's maze,,left_only,8,,,Exception,Split card absent from Trader Tools
55,8,Catch // Release,Dragon's Maze,125,Near Mint,English,,,,,,,,0.0,Rare,$0.32,catch // release,dragon's maze,,left_only,8,,,Exception,Split card absent from Trader Tools
4,0,Combat Medic,Fallen Empires,133,Near Mint,English,,,,,,,,,Common,$0.16,combat medic,fallen empires,,left_only,4,,,Exception,Card name absent from Trader Tools
2,0,Combat Medic,Fallen Empires,134,Near Mint,English,,,,,,,,,Common,$0.16,combat medic,fallen empires,,left_only,2,,,Exception,Card name absent from Trader Tools
4,0,Combat Medic,Fallen Empires,135,Near Mint,English,,,,,,,,,Common,$0.16,combat medic,fallen empires,,left_only,4,,,Exception,Card name absent from Trader Tools
5,0,Combat Medic,Fallen Empires,136,Near Mint,English,,,,,,,,,Common,$0.14,combat medic,fallen empires,,left_only,5,,,Exception,Card name absent from Trader Tools
1,0,Deadly Insect,Alliances,64,Near Mint,English,,,,,,,,,Common,$0.18,deadly insect,alliances,,left_only,1,,,Exception,"Name and edition exist, but pair does not match"
1,0,Deadly Insect,Alliances,65,Near Mint,English,,,,,,,,,Common,$0.17,deadly insect,alliances,,left_only,1,,,Exception,"Name and edition exist, but pair does not match"
9,0,Dwarven Soldier,Fallen Empires,107,Near Mint,English,,,,,,,,,Common,$0.16,dwarven soldier,fallen empires,,left_only,8,,,Exception,Card name absent from Trader Tools
5,0,Dwarven Soldier,Fallen Empires,108,Near Mint,English,,,,,,,,,Common,$0.16,dwarven soldier,fallen empires,,left_only,5,,,Exception,Card name absent from Trader Tools
5,0,Dwarven Soldier,Fallen Empires,109,Near Mint,English,,,,,,,,,Common,$0.14,dwarven soldier,fallen empires,,left_only,5,,,Exception,Card name absent from Trader Tools
1,0,El-Hajjâj,Revised Edition,16,Near Mint,English,,,,,,,,,Rare,$0.25,el-hajjâj,revised edition,,left_only,1,,,Exception,Card name absent from Trader Tools
7,0,Fire // Ice,Apocalypse,128,Near Mint,English,,,,,,,,,Uncommon,$0.47,fire // ice,apocalypse,,left_only,7,,,Exception,Split card absent from Trader Tools
34,8,Flesh // Blood,Dragon's Maze,128,Near Mint,English,,,,,,,,0.0,Rare,$0.29,flesh // blood,dragon's maze,,left_only,8,,,Exception,Split card absent from Trader Tools
1,0,Forest,Invasion,348,Near Mint,English,,,,,,,,,BasicLand,$0.26,forest,invasion,,left_only,1,,,Exception,"Name and edition exist, but pair does not match"
5,0,Goblin War Drums,Fallen Empires,118,Near Mint,English,,,,,,,,,Common,$0.16,goblin war drums,fallen empires,,left_only,5,,,Exception,Card name absent from Trader Tools
6,0,Goblin War Drums,Fallen Empires,119,Near Mint,English,,,,,,,,,Common,$0.16,goblin war drums,fallen empires,,left_only,6,,,Exception,Card name absent from Trader Tools
5,0,Goblin War Drums,Fallen Empires,120,Near Mint,English,,,,,,,,,Common,$0.16,goblin war drums,fallen empires,,left_only,5,,,Exception,Card name absent from Trader Tools
3,0,Goblin War Drums,Fallen Empires,121,Near Mint,English,,,,,,,,,Common,$0.16,goblin war drums,fallen empires,,left_only,3,,,Exception,Card name absent from Trader Tools
6,0,Homarid Warrior,Fallen Empires,44,Near Mint,English,,,,,,,,,Common,$0.16,homarid warrior,fallen empires,,left_only,6,,,Exception,Card name absent from Trader Tools
5,0,Homarid Warrior,Fallen Empires,45,Near Mint,English,,,,,,,,,Common,$0.14,homarid warrior,fallen empires,,left_only,5,,,Exception,Card name absent from Trader Tools
5,0,Homarid Warrior,Fallen Empires,46,Near Mint,English,,,,,,,,,Common,$0.16,homarid warrior,fallen empires,,left_only,5,,,Exception,Card name absent from Trader Tools
2,0,Hungry Mist,Homelands,60,Near Mint,English,,,,,,,,,Common,$0.16,hungry mist,homelands,,left_only,2,,,Exception,Card name absent from Trader Tools
8,0,Hymn to Tourach,Fallen Empires,12,Near Mint,English,,,,,,,,,Common,$1.43,hymn to tourach,fallen empires,,left_only,8,,,Exception,Card name absent from Trader Tools
6,0,Hymn to Tourach,Fallen Empires,13,Near Mint,English,,,,,,,,,Common,$1.49,hymn to tourach,fallen empires,,left_only,6,,,Exception,Card name absent from Trader Tools
5,0,Hymn to Tourach,Fallen Empires,14,Near Mint,English,,,,,,,,,Common,$1.49,hymn to tourach,fallen empires,,left_only,5,,,Exception,Card name absent from Trader Tools
5,0,Hymn to Tourach,Fallen Empires,15,Near Mint,English,,,,,,,,,Common,$1.49,hymn to tourach,fallen empires,,left_only,5,,,Exception,Card name absent from Trader Tools
7,0,Icatian Javelineers,Fallen Empires,148,Near Mint,English,,,,,,,,,Common,$0.18,icatian javelineers,fallen empires,,left_only,7,,,Exception,Card name absent from Trader Tools
6,0,Icatian Javelineers,Fallen Empires,149,Near Mint,English,,,,,,,,,Common,$0.18,icatian javelineers,fallen empires,,left_only,6,,,Exception,Card name absent from Trader Tools
6,0,Icatian Javelineers,Fallen Empires,150,Near Mint,English,,,,,,,,,Common,$0.19,icatian javelineers,fallen empires,,left_only,6,,,Exception,Card name absent from Trader Tools
6,0,Icatian Scout,Fallen Empires,157,Near Mint,English,,,,,,,,,Common,$0.17,icatian scout,fallen empires,,left_only,6,,,Exception,Card name absent from Trader Tools
6,0,Icatian Scout,Fallen Empires,158,Near Mint,English,,,,,,,,,Common,$0.17,icatian scout,fallen empires,,left_only,6,,,Exception,Card name absent from Trader Tools
9,0,Icatian Scout,Fallen Empires,159,Near Mint,English,,,,,,,,,Common,$0.17,icatian scout,fallen empires,,left_only,8,,,Exception,Card name absent from Trader Tools
7,0,Icatian Scout,Fallen Empires,160,Near Mint,English,,,,,,,,,Common,$0.14,icatian scout,fallen empires,,left_only,7,,,Exception,Card name absent from Trader Tools
1,0,Ifh-Bíff Efreet,Arabian Nights,34,Poor,English,,,,,,,,,Rare,$21.42,ifh-bíff efreet,arabian nights,,left_only,1,,,Exception,Card name absent from Trader Tools
8,0,Illusion // Reality,Apocalypse,129,Near Mint,English,,,,,,,,,Uncommon,$0.17,illusion // reality,apocalypse,,left_only,8,,,Exception,Split card absent from Trader Tools
5,0,Initiates of the Ebon Hand,Fallen Empires,16,Near Mint,English,,,,,,,,,Common,$0.14,initiates of the ebon hand,fallen empires,,left_only,5,,,Exception,Card name absent from Trader Tools
4,0,Initiates of the Ebon Hand,Fallen Empires,17,Near Mint,English,,,,,,,,,Common,$0.16,initiates of the ebon hand,fallen empires,,left_only,4,,,Exception,Card name absent from Trader Tools
7,0,Initiates of the Ebon Hand,Fallen Empires,18,Near Mint,English,,,,,,,,,Common,$0.16,initiates of the ebon hand,fallen empires,,left_only,7,,,Exception,Card name absent from Trader Tools
2,0,Legions of Lim-Dûl,Ice Age,30,Near Mint,English,,,,,,,,,Common,$0.11,legions of lim-dûl,ice age,,left_only,2,,,Exception,Card name absent from Trader Tools
7,0,Life // Death,Apocalypse,130,Near Mint,English,,,,,,,,,Uncommon,$0.26,life // death,apocalypse,,left_only,7,,,Exception,Split card absent from Trader Tools
1,0,Lim-Dûl's Cohort,Ice Age,33,Near Mint,English,,,,,,,,,Common,$0.10,lim-dûl's cohort,ice age,,left_only,1,,,Exception,Card name absent from Trader Tools
9,8,Mahamoti Djinn,Magic Origins,278,Near Mint,English,,,,,,,,0.0,Rare,$0.49,mahamoti djinn,magic origins,,left_only,8,,,Exception,"Name and edition exist, but pair does not match"
8,0,Mindstab Thrull,Fallen Empires,19,Near Mint,English,,,,,,,,,Common,$0.17,mindstab thrull,fallen empires,,left_only,8,,,Exception,Card name absent from Trader Tools
5,0,Mindstab Thrull,Fallen Empires,20,Near Mint,English,,,,,,,,,Common,$0.18,mindstab thrull,fallen empires,,left_only,5,,,Exception,Card name absent from Trader Tools
5,0,Mindstab Thrull,Fallen Empires,21,Near Mint,English,,,,,,,,,Common,$0.17,mindstab thrull,fallen empires,,left_only,5,,,Exception,Card name absent from Trader Tools
4,0,Nalathni Dragon,Media Inserts,3,Near Mint,English,,,,,,,,,Special,$0.77,nalathni dragon,media inserts,,left_only,4,,,Exception,Name and edition absent from Trader Tools
6,0,Necrite,Fallen Empires,22,Near Mint,English,,,,,,,,,Common,$0.18,necrite,fallen empires,,left_only,6,,,Exception,Card name absent from Trader Tools
8,0,Necrite,Fallen Empires,23,Near Mint,English,,,,,,,,,Common,$0.18,necrite,fallen empires,,left_only,8,,,Exception,Card name absent from Trader Tools
5,0,Necrite,Fallen Empires,24,Near Mint,English,,,,,,,,,Common,$0.15,necrite,fallen empires,,left_only,5,,,Exception,Card name absent from Trader Tools
7,0,Night // Day,Apocalypse,131,Near Mint,English,,,,,,,,,Uncommon,$0.18,night // day,apocalypse,,left_only,7,,,Exception,Split card absent from Trader Tools
7,0,Night Soil,Fallen Empires,80,Near Mint,English,,,,,,,,,Common,$0.16,night soil,fallen empires,,left_only,7,,,Exception,Card name absent from Trader Tools
7,0,Night Soil,Fallen Empires,81,Near Mint,English,,,,,,,,,Common,$0.18,night soil,fallen empires,,left_only,7,,,Exception,Card name absent from Trader Tools
4,0,Night Soil,Fallen Empires,82,Near Mint,English,,,,,,,,,Common,$0.18,night soil,fallen empires,,left_only,4,,,Exception,Card name absent from Trader Tools
8,8,Nightmare,Magic Origins,282,Near Mint,English,,,,,,,,0.0,Rare,$0.44,nightmare,magic origins,,left_only,8,,,Exception,"Name and edition exist, but pair does not match"
6,0,Orcish Spy,Fallen Empires,124,Near Mint,English,,,,,,,,,Common,$0.14,orcish spy,fallen empires,,left_only,6,,,Exception,Card name absent from Trader Tools
6,0,Orcish Spy,Fallen Empires,125,Near Mint,English,,,,,,,,,Common,$0.17,orcish spy,fallen empires,,left_only,6,,,Exception,Card name absent from Trader Tools
6,0,Orcish Spy,Fallen Empires,126,Near Mint,English,,,,,,,,,Common,$0.17,orcish spy,fallen empires,,left_only,6,,,Exception,Card name absent from Trader Tools
7,0,Order // Chaos,Apocalypse,132,Near Mint,English,,,,,,,,,Uncommon,$0.20,order // chaos,apocalypse,,left_only,7,,,Exception,Split card absent from Trader Tools
2,0,Pain // Suffering,Invasion,294,Near Mint,English,,,,,,,,,Uncommon,$0.20,pain // suffering,invasion,,left_only,2,,,Exception,Split card absent from Trader Tools
1,0,Plains,Mercadian Masques,334,Near Mint,English,,,,,,,,,BasicLand,$0.21,plains,mercadian masques,,left_only,1,,,Exception,"Name and edition exist, but pair does not match"
1,0,Plains,Invasion,332,Near Mint,English,,,,,,,,,BasicLand,$0.27,plains,invasion,,left_only,1,,,Exception,"Name and edition exist, but pair does not match"
1,0,Plains,Invasion,334,Near Mint,English,,,,,,,,,BasicLand,$0.28,plains,invasion,,left_only,1,,,Exception,"Name and edition exist, but pair does not match"
39,8,Ready // Willing,Dragon's Maze,132,Near Mint,English,,,,,,,,0.0,Rare,$0.26,ready // willing,dragon's maze,,left_only,8,,,Exception,Split card absent from Trader Tools
11,8,Sanguine Bond,Magic 2014 Core Set,112,Near Mint,English,,,,,,,,0.0,Rare,$2.61,sanguine bond,magic 2014 core set,,left_only,8,,,Exception,Card name absent from Trader Tools
4,0,Sewers of Estark,Media Inserts,2,Near Mint,English,,,,,,,,,Special,$0.65,sewers of estark,media inserts,,left_only,4,,,Exception,Name and edition absent from Trader Tools
6,6,Shivan Dragon,Magic Origins,285,Near Mint,English,,,,,,,,0.0,Rare,$0.49,shivan dragon,magic origins,,left_only,6,,,Exception,"Name and edition exist, but pair does not match"
4,0,Spite // Malice,Invasion,293,Near Mint,English,,,,,,,,,Uncommon,$0.20,spite // malice,invasion,,left_only,4,,,Exception,Split card absent from Trader Tools
3,0,Stand // Deliver,Invasion,292,Near Mint,English,,,,,,,,,Uncommon,$0.21,stand // deliver,invasion,,left_only,3,,,Exception,Split card absent from Trader Tools
1,0,Swamp Mosquito,Alliances,30,Near Mint,English,,,,,,,,,Common,$0.17,swamp mosquito,alliances,,left_only,1,,,Exception,Card name absent from Trader Tools
1,0,Swamp Mosquito,Alliances,31,Near Mint,English,,,,,,,,,Common,$0.18,swamp mosquito,alliances,,left_only,1,,,Exception,Card name absent from Trader Tools
8,8,Terra Stomper,Magic Origins,288,Near Mint,English,,,,,,,,0.0,Rare,$0.72,terra stomper,magic origins,,left_only,8,,,Exception,"Name and edition exist, but pair does not match"
6,0,Thallid,Fallen Empires,87,Near Mint,English,,,,,,,,,Common,$0.19,thallid,fallen empires,,left_only,6,,,Exception,Card name absent from Trader Tools
6,0,Thallid,Fallen Empires,88,Near Mint,English,,,,,,,,,Common,$0.19,thallid,fallen empires,,left_only,6,,,Exception,Card name absent from Trader Tools
7,0,Thallid,Fallen Empires,89,Near Mint,English,,,,,,,,,Common,$0.15,thallid,fallen empires,,left_only,7,,,Exception,Card name absent from Trader Tools
5,0,Thallid,Fallen Empires,90,Near Mint,English,,,,,,,,,Common,$0.19,thallid,fallen empires,,left_only,5,,,Exception,Card name absent from Trader Tools
3,3,True-Name Nemesis,Commander 2013,63,Near Mint,English,,,,,,,,1325.0,Rare,$13.14,true-name nemesis,commander 2013,,left_only,3,,,Exception,Edition absent from Trader Tools
1,0,Urza's Mine,Chronicles,94,Near Mint,English,,,,,,,,,Uncommon,$1.81,urza's mine,chronicles,,left_only,1,,,Exception,Card name absent from Trader Tools
1,0,Urza's Mine,Chronicles,95,Near Mint,English,,,,,,,,,Uncommon,$0.25,urza's mine,chronicles,,left_only,1,,,Exception,Card name absent from Trader Tools
1,0,Urza's Mine,Antiquities,75,Good (Lightly Played),English,,,,,,,,,Common,$1.81,urza's mine,antiquities,,left_only,1,,,Exception,Card name absent from Trader Tools
1,0,Urza's Mine,Antiquities,76,Good (Lightly Played),English,,,,,,,,,Uncommon,$1.00,urza's mine,antiquities,,left_only,1,,,Exception,Card name absent from Trader Tools
1,0,Urza's Mine,Antiquities,77,Near Mint,English,,,,,,,,,Common,$1.70,urza's mine,antiquities,,left_only,1,,,Exception,Card name absent from Trader Tools
1,0,Urza's Mine,Antiquities,78,Good (Lightly Played),English,,,,,,,,,Uncommon,$3.21,urza's mine,antiquities,,left_only,1,,,Exception,Card name absent from Trader Tools
1,0,Urza's Power Plant,Chronicles,100,Near Mint,English,,,,,,,,,Uncommon,$0.72,urza's power plant,chronicles,,left_only,1,,,Exception,Card name absent from Trader Tools
1,0,Urza's Power Plant,Antiquities,79,Played,English,,,,,,,,,Common,$0.96,urza's power plant,antiquities,,left_only,1,,,Exception,Card name absent from Trader Tools
1,0,Urza's Power Plant,Antiquities,80,Good (Lightly Played),English,,,,,,,,,Common,$3.14,urza's power plant,antiquities,,left_only,1,,,Exception,Card name absent from Trader Tools
1,0,Urza's Power Plant,Antiquities,81,Played,English,,,,,,,,,Uncommon,$0.50,urza's power plant,antiquities,,left_only,1,,,Exception,Card name absent from Trader Tools
1,0,Urza's Power Plant,Antiquities,82,Played,English,,,,,,,,,Uncommon,$2.45,urza's power plant,antiquities,,left_only,1,,,Exception,Card name absent from Trader Tools
1,0,Urza's Tower,Antiquities,83,Played,English,,,,,,,,,Uncommon,$3.50,urza's tower,antiquities,,left_only,1,,,Exception,Card name absent from Trader Tools
2,0,Urza's Tower,Antiquities,84,Good (Lightly Played),English,,,,,,,,,Uncommon,$2.40,urza's tower,antiquities,,left_only,2,,,Exception,Card name absent from Trader Tools
1,0,Urza's Tower,Antiquities,85,Played,English,,,,,,,,,Common,$0.68,urza's tower,antiquities,,left_only,1,,,Exception,Card name absent from Trader Tools
1,0,Urza's Tower,Antiquities,86,Played,English,,,,,,,,,Uncommon,$1.00,urza's tower,antiquities,,left_only,1,,,Exception,Card name absent from Trader Tools
5,0,Vodalian Soldiers,Fallen Empires,62,Near Mint,English,,,,,,,,,Common,$0.14,vodalian soldiers,fallen empires,,left_only,5,,,Exception,"Name and edition exist, but pair does not match"
6,0,Vodalian Soldiers,Fallen Empires,63,Near Mint,English,,,,,,,,,Common,$0.16,vodalian soldiers,fallen empires,,left_only,6,,,Exception,"Name and edition exist, but pair does not match"
7,0,Vodalian Soldiers,Fallen Empires,64,Near Mint,English,,,,,,,,,Common,$0.16,vodalian soldiers,fallen empires,,left_only,7,,,Exception,"Name and edition exist, but pair does not match"
6,0,Vodalian Soldiers,Fallen Empires,65,Near Mint,English,,,,,,,,,Common,$0.16,vodalian soldiers,fallen empires,,left_only,6,,,Exception,"Name and edition exist, but pair does not match"
1,0,Wax // Wane,Invasion,296,Near Mint,English,,,,,,,,,Uncommon,$0.20,wax // wane,invasion,,left_only,1,,,Exception,Split card absent from Trader Tools
4,4,Wear // Tear,Dragon's Maze,135,Near Mint,English,,,,,,,,0.0,Uncommon,$1.03,wear // tear,dragon's maze,,left_only,4,,,Exception,Split card absent from Trader Tools
8,8,Wild Ricochet,Magic 2014 Core Set,162,Near Mint,English,,,,,,,,0.0,Rare,$0.33,wild ricochet,magic 2014 core set,,left_only,8,,,Exception,Card name absent from Trader Tools
