cardName,setName,foil,qtyOwned,buyPrice,sellPrice,buyMerchant,sellMerchant,buyQty,sellQty,spread
Windbrisk Heights,Modern Event Deck 2014,0,4,0.53,0,cardkingdom,None,10,0,%
Lavaborn Muse,Duel Decks: Sorin vs. Tibalt,0,1,0.1,0.25,Bulk,trollandtoad,99,37,%
Steam Augury,Duel Decks: Speed vs. Cunning,0,1,0.1,0.25,Bulk,trollandtoad,99,1,%
Windreaver,Duel Decks: Venser vs. Koth,0,2,0.1,0.25,Bulk,trollandtoad,99,2,%
Pyrrhic Revival,Eventide,0,1,0.1,0.25,Bulk,trollandtoad,99,2,%
Parallax Inhibitor,Nemesis,0,2,0.1,0.25,Bulk,trollandtoad,99,5,%
Fleeting Image,Urza's Legacy,0,1,0.1,0.25,Bulk,trollandtoad,99,6,%
Lavaball Trap,Zendikar,0,1,0.1,0.25,Bulk,trollandtoad,99,11,%
Thousand Winds,Duel Decks: Speed vs. Cunning,0,1,0.1,0.26,Bulk,tcgplayer,99,,%
Scourge of Fleets,Duel Decks: Elspeth vs. Kiora,0,3,0.1,0.27,Bulk,tcgplayer,99,,%
Sphinx of Uthuun,Duel Decks: Venser vs. Koth,0,1,0.1,0.28,Bulk,tcgplayer,99,,%
Sol'kanar the Swamp King,"Time Spiral ""Timeshifted""",0,1,0.04,0.28,abugames,tcgplayer,99,,%
Pulse of the Dross,Darksteel,0,1,0.1,0.29,Bulk,tcgplayer,99,,%
Hold the Line,Duel Decks: Speed vs. Cunning,0,1,0.1,0.29,Bulk,tcgplayer,99,,%
Ogre Battledriver,Duel Decks: Speed vs. Cunning,0,2,0.1,0.29,Bulk,tcgplayer,99,,%
Consume the Meek,Duel Decks: Zendikar vs. Eldrazi,0,4,0.1,0.29,Bulk,tcgplayer,99,,%
Necrotic Plague,Magic 2011,0,1,0.1,0.29,Bulk,tcgplayer,99,,%
Pentavus,Mirrodin,0,1,0.1,0.29,Bulk,tcgplayer,99,,%
Devout Lightcaster,Zendikar,0,1,0.1,0.29,Bulk,tcgplayer,99,,%
False Dawn,Apocalypse,0,1,0.1,0.3,Bulk,trollandtoad,99,2,%
Extractor Demon,Conflux,0,1,0.1,0.3,Bulk,tcgplayer,99,,%
Turn the Tables,Darksteel,0,1,0.1,0.3,Bulk,trollandtoad,99,1,%
Plasm Capture,Duel Decks: Elspeth vs. Kiora,0,1,0.1,0.3,Bulk,tcgplayer,99,,%
Magmaw,Duel Decks: Zendikar vs. Eldrazi,0,7,0.1,0.3,Bulk,tcgplayer,99,,%
Gigantomancer,Rise of the Eldrazi,0,1,0.1,0.3,Bulk,tcgplayer,99,,%
"Soramaro, First to Dream",Saviors of Kamigawa,0,1,0.1,0.3,Bulk,trollandtoad,99,1,%
Archon of Redemption,Worldwake,0,1,0.1,0.3,Bulk,tcgplayer,99,,%
Gigantiform,Zendikar,0,4,0.1,0.3,Bulk,tcgplayer,99,,%
Gleancrawler,Duel Decks: Izzet vs. Golgari,0,2,0.1,0.31,Bulk,tcgplayer,99,,%
Seer's Sundial,Duel Decks: Zendikar vs. Eldrazi,0,2,0.1,0.31,Bulk,tcgplayer,99,,%
Manabarbs,Magic 2010,0,1,0.1,0.31,Bulk,tcgplayer,99,,%
Mind Shatter,Magic 2010,0,2,0.1,0.31,Bulk,tcgplayer,99,,%
Liar's Pendulum,Mirrodin,0,1,0.1,0.31,Bulk,tcgplayer,99,,%
Void,"Time Spiral ""Timeshifted""",0,1,0.04,0.31,abugames,tcgplayer,99,,%
Titanic Ultimatum,Ajani vs. Nicol Bolas,0,1,0.1,0.32,Bulk,tcgplayer,99,,%
Sages of the Anima,Alara Reborn,0,1,0.1,0.32,Bulk,tcgplayer,99,,%
Kodama of the Center Tree,Betrayers of Kamigawa,0,1,0.1,0.32,Bulk,tcgplayer,99,,%
"Kumano, Master Yamabushi",Champions of Kamigawa,0,1,0.1,0.32,Bulk,tcgplayer,99,,%
Djinn Illuminatus,Duel Decks: Izzet vs. Golgari,0,1,0.1,0.32,Bulk,tcgplayer,99,,%
Hellion Eruption,Duel Decks: Zendikar vs. Eldrazi,0,6,0.1,0.32,Bulk,tcgplayer,99,,%
Dearly Departed,Innistrad,0,5,0.1,0.32,Bulk,tcgplayer,99,,%
Destructive Force,Magic 2011,0,2,0.1,0.32,Bulk,tcgplayer,99,,%
Tribal Golem,Onslaught,0,1,0.1,0.32,Bulk,tcgplayer,99,,%
Baneful Omen,Rise of the Eldrazi,0,1,0.1,0.32,Bulk,tcgplayer,99,,%
Sphinx-Bone Wand,Rise of the Eldrazi,0,1,0.1,0.32,Bulk,tcgplayer,99,,%
Swirl the Mists,Champions of Kamigawa,0,1,0.1,0.33,Bulk,tcgplayer,99,,%
Havengul Runebinder,Dark Ascension,0,5,0.1,0.33,Bulk,tcgplayer,99,,%
Prophetic Bolt,Duel Decks: Izzet vs. Golgari,0,1,0.1,0.33,Bulk,tcgplayer,99,,%
Lightning Angel,Duel Decks: Speed vs. Cunning,0,1,0.14,0.33,abugames,tcgplayer,20,,%
Butcher of Malakir,Duel Decks: Zendikar vs. Eldrazi,0,6,0.1,0.33,Bulk,tcgplayer,99,,%
Clone,Magic 2011,0,1,0.1,0.33,Bulk,tcgplayer,99,,%
Parallax Nexus,Nemesis,0,1,0.1,0.33,Bulk,tcgplayer,99,,%
Midnight Ritual,Tenth Edition,0,1,0.1,0.33,Bulk,tcgplayer,99,,%
Brink of Madness,Urza's Legacy,0,2,0.1,0.33,Bulk,tcgplayer,99,,%
"Magosi, the Waterveil",Zendikar,0,1,0.1,0.33,Bulk,tcgplayer,99,,%
Swift Silence,Dissension,0,1,0.1,0.34,Bulk,tcgplayer,99,,%
Fallen Angel,Duel Decks: Divine vs. Demonic,0,1,0.1,0.34,Bulk,tcgplayer,99,,%
Invoke the Firemind,Duel Decks: Izzet vs. Golgari,0,1,0.1,0.34,Bulk,tcgplayer,99,,%
Twilight's Call,Duel Decks: Izzet vs. Golgari,0,1,0.1,0.34,Bulk,tcgplayer,99,,%
Dark Tutelage,Magic 2011,0,2,0.1,0.34,Bulk,tcgplayer,99,,%
Nefarious Lich,Odyssey,0,1,0.1,0.34,Bulk,tcgplayer,99,,%
Head Games,Onslaught,0,1,0.1,0.34,Bulk,tcgplayer,99,,%
"Greel, Mind Raker",Prophecy,0,1,0.1,0.34,Bulk,trollandtoad,99,6,%
Woebringer Demon,Ravnica: City of Guilds,0,1,0.1,0.34,Bulk,tcgplayer,99,,%
Hedron-Field Purists,Rise of the Eldrazi,0,2,0.1,0.34,Bulk,tcgplayer,99,,%
Magus of the Scroll,Time Spiral,0,1,0.1,0.34,Bulk,trollandtoad,99,18,%
Cruel Ultimatum,Ajani vs. Nicol Bolas,0,2,0.1,0.35,Bulk,trollandtoad,99,1,%
Death Grasp,Apocalypse,0,1,0.25,0.35,magicdotcards,trollandtoad,,6,%
Captain of the Mists,Avacyn Restored,0,5,0.1,0.35,Bulk,tcgplayer,99,,%
"Ben-Ben, Akki Hermit",Champions of Kamigawa,0,1,0.24,0.35,cardkingdom,trollandtoad,15,3,%
"Heidar, Rimewind Master",Coldsnap,0,1,0.1,0.35,Bulk,tcgplayer,99,,%
Hibernation's End,Coldsnap,0,1,0.1,0.35,Bulk,trollandtoad,99,2,%
Pulse of the Tangle,Darksteel,0,1,0.1,0.35,Bulk,tcgplayer,99,,%
Decree of Justice,Duel Decks: Elspeth vs. Kiora,0,3,0.1,0.35,Bulk,tcgplayer,99,,%
Simic Sky Swallower,Duel Decks: Elspeth vs. Kiora,0,1,0.1,0.35,Bulk,tcgplayer,99,,%
Catapult Master,Duel Decks: Elspeth vs. Tezzeret,0,1,0.1,0.35,Bulk,trollandtoad,99,1,%
Reaper of the Wilds,Duel Decks: Jace vs. Vraska,0,2,0.1,0.35,Bulk,tcgplayer,99,,%
"Darigaaz, the Igniter",Duel Decks: Phyrexia vs. The Coalition,0,1,0.25,0.35,cardkingdom,trollandtoad,10,3,%
Ancient Craving,Duel Decks: Sorin vs. Tibalt,0,1,0.1,0.35,Bulk,trollandtoad,99,9,%
Devil's Play,Duel Decks: Sorin vs. Tibalt,0,1,0.1,0.35,Bulk,tcgplayer,99,,%
Hell's Thunder,Duel Decks: Speed vs. Cunning,0,1,0.14,0.35,abugames,tcgplayer,20,,%
Veteran Warleader,Duel Decks: Zendikar vs. Eldrazi,0,3,0.1,0.35,Bulk,trollandtoad,99,66,%
Umbra Stalker,Eventide,0,2,0.1,0.35,Bulk,trollandtoad,99,2,%
Mindless Automaton,Exodus,0,1,0.1,0.35,Bulk,trollandtoad,99,1,%
All Suns' Dawn,Fifth Dawn,0,1,0.25,0.35,magicdotcards,trollandtoad,,2,%
Pyromancer's Swath,Future Sight,0,1,0.25,0.35,magicdotcards,trollandtoad,,2,%
Borborygmos,Guildpact,0,1,0.15,0.35,abugames,trollandtoad,99,5,%
Djinn Illuminatus,Guildpact,0,1,0.1,0.35,Bulk,trollandtoad,99,6,%
Skeletal Vampire,Guildpact,0,1,0.25,0.35,magicdotcards,trollandtoad,,3,%
Spelltithe Enforcer,Guildpact,0,1,0.25,0.35,magicdotcards,trollandtoad,,2,%
"Kangee, Aerie Keeper",Invasion,0,1,0.25,0.35,cardkingdom,trollandtoad,10,2,%
Restock,Invasion,0,1,0.25,0.35,magicdotcards,trollandtoad,,2,%
Urza's Filter,Invasion,0,1,0.25,0.35,magicdotcards,trollandtoad,,3,%
"Brigid, Hero of Kinsbaile",Lorwyn,0,1,0.52,0.35,cardkingdom,trollandtoad,12,6,%
Planar Cleansing,Magic 2010,0,1,0.13,0.35,abugames,trollandtoad,30,1,%
Shivan Dragon,Magic 2010,0,1,0.13,0.35,abugames,trollandtoad,20,1,%
Stormtide Leviathan,Magic 2011,0,4,0.1,0.35,Bulk,tcgplayer,99,,%
Triskelion,Magic 2011,0,2,0.1,0.35,Bulk,trollandtoad,99,1,%
Crumbling Sanctuary,Mercadian Masques,0,1,0.1,0.35,Bulk,trollandtoad,99,1,%
Ivory Mask,Mercadian Masques,0,1,0.5,0.35,magicdotcards,trollandtoad,,2,%
Vernal Equinox,Mercadian Masques,0,1,0.1,0.35,Bulk,trollandtoad,99,1,%
Grinning Totem,Mirage,0,1,0.25,0.35,magicdotcards,tcgplayer,,,%
Luminous Angel,Mirrodin,0,1,0.25,0.35,magicdotcards,trollandtoad,,3,%
Quicksilver Fountain,Mirrodin,0,1,0.4,0.35,cardkingdom,trollandtoad,15,1,%
Mana Cache,Nemesis,0,1,0.1,0.35,Bulk,trollandtoad,99,9,%
Balancing Act,Odyssey,0,1,0.1,0.35,Bulk,trollandtoad,99,1,%
Zoologist,Odyssey,0,1,0.1,0.35,Bulk,trollandtoad,99,2,%
"Ixidor, Reality Sculptor",Onslaught,0,2,0.25,0.35,magicdotcards,trollandtoad,,1,%
Jedit Ojanen of Efrava,Planar Chaos,0,2,0.15,0.35,abugames,trollandtoad,99,4,%
"Oros, the Avenger",Planar Chaos,0,1,0.25,0.35,magicdotcards,trollandtoad,,2,%
Doomsday Specter,Planeshift,0,1,0.5,0.35,magicdotcards,trollandtoad,,4,%
Shrouded Serpent,Prophecy,0,1,0.1,0.35,Bulk,tcgplayer,99,,%
Nullstone Gargoyle,Ravnica: City of Guilds,0,1,0.1,0.35,Bulk,tcgplayer,99,,%
Consume the Meek,Rise of the Eldrazi,0,1,0.1,0.35,Bulk,trollandtoad,99,5,%
Cabal Conditioning,Scourge,0,1,0.1,0.35,Bulk,trollandtoad,99,1,%
Soul Collector,Scourge,0,1,0.25,0.35,magicdotcards,trollandtoad,,6,%
Isleback Spawn,Shadowmoor,0,1,0.1,0.35,Bulk,trollandtoad,99,1,%
Knollspine Invocation,Shadowmoor,0,1,0.1,0.35,Bulk,tcgplayer,99,,%
Invincible Hymn,Shards of Alara,0,1,0.1,0.35,Bulk,tcgplayer,99,,%
Salvage Titan,Shards of Alara,0,1,0.1,0.35,Bulk,trollandtoad,99,2,%
Root Maze,Tempest,0,1,0.25,0.35,magicdotcards,trollandtoad,,2,%
"Ith, High Arcanist",Time Spiral,0,1,0.1,0.35,Bulk,tcgplayer,99,,%
Thelon of Havenwood,Time Spiral,0,1,0.5,0.35,magicdotcards,trollandtoad,,4,%
Merieke Ri Berit,"Time Spiral ""Timeshifted""",0,1,0.26,0.35,cardkingdom,trollandtoad,9,2,%
Hypnox,Torment,0,1,0.25,0.35,magicdotcards,trollandtoad,,2,%
Purify,Urza's Legacy,0,1,0.1,0.35,Bulk,trollandtoad,99,2,%
Subversion,Urza's Legacy,0,1,0.5,0.35,magicdotcards,trollandtoad,,3,%
Reprocess,Urza's Saga,0,1,0.1,0.35,Bulk,trollandtoad,99,2,%
Cosi's Trickster,Zendikar,0,4,0.25,0.35,cardkingdom,trollandtoad,18,2,%
Grappling Hook,Zendikar,0,1,0.11,0.35,abugames,trollandtoad,50,4,%
Guul Draz Specter,Zendikar,0,1,0.16,0.35,abugames,trollandtoad,20,3,%
Sphinx of Lost Truths,Zendikar,0,1,0.1,0.35,Bulk,tcgplayer,99,,%
Terra Stomper,Zendikar,0,2,0.25,0.35,magicdotcards,trollandtoad,,3,%
World Queller,Zendikar,0,2,0.1,0.35,Bulk,trollandtoad,99,1,%
Identity Crisis,Alara Reborn,0,1,0.1,0.36,Bulk,tcgplayer,99,,%
Clone,Duel Decks: Venser vs. Koth,0,2,0.1,0.36,Bulk,tcgplayer,99,,%
Haunting Echoes,Magic 2011,0,1,0.25,0.36,magicdotcards,tcgplayer,,,%
Reach of Branches,Morningtide,0,1,0.1,0.36,Bulk,tcgplayer,99,,%
Sengir Nosferatu,Time Spiral,0,1,0.1,0.36,Bulk,tcgplayer,99,,%
Rude Awakening,Duel Decks: Garruk vs. Liliana,0,1,0.1,0.37,Bulk,tcgplayer,99,,%
Ohran Viper,Duel Decks: Jace vs. Vraska,0,6,0.1,0.37,Bulk,tcgplayer,99,,%
Near-Death Experience,Rise of the Eldrazi,0,1,0.1,0.37,Bulk,tcgplayer,99,,%
Sharding Sphinx,Shards of Alara,0,1,0.1,0.37,Bulk,tcgplayer,99,,%
Magus of the Mirror,Time Spiral,0,1,0.1,0.37,Bulk,tcgplayer,99,,%
Realm Razer,Shards of Alara,0,1,0.1,0.38,Bulk,tcgplayer,99,,%
Skill Borrower,Shards of Alara,0,1,0.17,0.38,abugames,tcgplayer,16,,%
Soldevi Digger,Alliances,0,1,0.25,0.39,magicdotcards,tcgplayer,,,%
Fury of the Horde,Coldsnap,0,1,0.5,0.39,magicdotcards,trollandtoad,,3,%
Paleoloth,Conflux,0,1,0.1,0.39,Bulk,tcgplayer,99,,%
Butcher of Malakir,Duel Decks: Sorin vs. Tibalt,0,3,0.1,0.39,Bulk,tcgplayer,99,,%
Skull of Orm,Eighth Edition,0,1,0.1,0.39,Bulk,abugames,99,80,%
Oblation,Onslaught,0,1,0.1,0.39,Bulk,trollandtoad,99,4,%
Titanic Ultimatum,Shards of Alara,0,1,0.1,0.39,Bulk,tcgplayer,99,,%
Scepter of Fugue,Conflux,0,1,0.25,0.4,magicdotcards,tcgplayer,,,%
"Untaidake, the Cloud Keeper",Champions of Kamigawa,0,2,0.1,0.41,Bulk,tcgplayer,99,,%
Precinct Captain,Duel Decks: Elspeth vs. Kiora,0,1,0.2,0.41,cardkingdom,tcgplayer,16,,%
Nobilis of War,Duel Decks: Heroes vs. Monsters,0,2,0.1,0.41,Bulk,tcgplayer,99,,%
Brilliant Ultimatum,Shards of Alara,0,1,0.1,0.41,Bulk,tcgplayer,99,,%
Skullmulcher,Shards of Alara,0,2,0.1,0.41,Bulk,tcgplayer,99,,%
Nomads' Assembly,Rise of the Eldrazi,0,1,0.1,0.43,Bulk,tcgplayer,99,,%
Terra Eternal,Worldwake,0,1,0.2,0.43,cardkingdom,tcgplayer,10,,%
Spectral Lynx,Apocalypse,0,2,0.1,0.44,Bulk,tcgplayer,99,,%
Magus of the Abyss,Future Sight,0,1,0.11,0.44,abugames,tcgplayer,50,,%
Triskelion,Mirrodin,0,2,0.16,0.44,cardkingdom,tcgplayer,10,,%
Might of Oaks,Ninth Edition,0,1,0.16,0.44,abugames,tcgplayer,20,,%
Doomgape,Duel Decks: Izzet vs. Golgari,0,2,0.1,0.45,Bulk,tcgplayer,99,,%
Battle Squadron,Mercadian Masques,0,1,0.25,0.45,magicdotcards,tcgplayer,,,%
Wildfire,Ninth Edition,0,1,0.1,0.45,Bulk,tcgplayer,99,,%
Rolling Stones,Stronghold,0,1,0.25,0.45,magicdotcards,tcgplayer,,,%
"Tomorrow, Azami's Familiar",Betrayers of Kamigawa,0,1,0.25,0.46,magicdotcards,tcgplayer,,,%
Underworld Connections,Duel Decks: Jace vs. Vraska,0,2,0.1,0.46,Bulk,tcgplayer,99,,%
Relentless Assault,Visions,0,1,0.25,0.46,magicdotcards,tcgplayer,,,%
Pulse of the Forge,Darksteel,0,1,0.25,0.47,cardkingdom,tcgplayer,13,,%
Loyal Sentry,Duel Decks: Elspeth vs. Tezzeret,0,1,0.1,0.47,Bulk,tcgplayer,99,,%
Sacred Ground,Ninth Edition,0,1,0.1,0.47,Bulk,tcgplayer,99,,%
Lord of the Pit,Tenth Edition,0,1,0.25,0.47,magicdotcards,tcgplayer,,,%
Nantuko Shade,Magic 2011,0,2,0.1,0.48,Bulk,tcgplayer,99,,%
Temple Bell,Magic 2011,0,1,0.17,0.48,abugames,tcgplayer,16,,%
Dream Chisel,Onslaught,0,1,0.1,0.48,Bulk,tcgplayer,99,,%
Sedraxis Specter,Shards of Alara,0,1,0.1,0.48,Bulk,tcgplayer,99,,%
Loxodon Hierarch,Ajani vs. Nicol Bolas,0,1,0.1,0.49,Bulk,trollandtoad,99,1,%
Aven Mimeomancer,Alara Reborn,0,1,0.25,0.49,cardkingdom,tcgplayer,10,,%
Knotvine Paladin,Alara Reborn,0,1,0.23,0.49,abugames,trollandtoad,20,8,%
Legacy Weapon,Apocalypse,0,2,0.5,0.49,magicdotcards,trollandtoad,,2,%
Harvester of Souls,Avacyn Restored,0,5,0.41,0.49,abugames,trollandtoad,50,1,%
Increasing Devotion,Dark Ascension,0,5,0.25,0.49,magicdotcards,trollandtoad,,17,%
Reiver Demon,Duel Decks: Divine vs. Demonic,0,1,0.3,0.49,abugames,trollandtoad,99,5,%
Mutilate,Duel Decks: Garruk vs. Liliana,0,1,0.1,0.49,Bulk,trollandtoad,99,1,%
Skeletal Vampire,Duel Decks: Garruk vs. Liliana,0,1,0.1,0.49,Bulk,tcgplayer,99,,%
Troll Ascetic,Duel Decks: Heroes vs. Monsters,0,1,0.14,0.49,abugames,trollandtoad,99,26,%
Voracious Dragon,Duel Decks: Knights vs. Dragons,0,1,0.25,0.49,abugames,trollandtoad,99,1,%
Breaking Point,Duel Decks: Sorin vs. Tibalt,0,1,0.12,0.49,cardkingdom,trollandtoad,16,5,%
Hellrider,Duel Decks: Sorin vs. Tibalt,0,1,0.1,0.49,Bulk,trollandtoad,99,7,%
Sulfuric Vortex,Duel Decks: Sorin vs. Tibalt,0,1,0.1,0.49,Bulk,trollandtoad,99,7,%
Journeyer's Kite,Duel Decks: Venser vs. Koth,0,1,0.2,0.49,cardkingdom,trollandtoad,10,11,%
Sunblast Angel,Duel Decks: Venser vs. Koth,0,2,0.18,0.49,cardkingdom,trollandtoad,13,3,%
Temporal Adept,Eighth Edition,0,1,0.19,0.49,cardkingdom,abugames,10,39,%
Worm Harvest,Eventide,0,1,0.2,0.49,abugames,trollandtoad,50,5,%
Glint-Eye Nephilim,Guildpact,0,1,0.52,0.49,cardkingdom,trollandtoad,10,1,%
Spreading Plague,Invasion,0,1,0.36,0.49,cardkingdom,trollandtoad,9,7,%
Kalonian Behemoth,Magic 2010,0,1,0.5,0.49,magicdotcards,trollandtoad,,1,%
Shared Fate,Mirrodin,0,1,0.5,0.49,magicdotcards,trollandtoad,,2,%
Slithermuse,Morningtide,0,1,0.16,0.49,cardkingdom,tcgplayer,10,,%
Body Double,Planar Chaos,0,2,0.5,0.49,cardkingdom,trollandtoad,12,1,%
Denying Wind,Prophecy,0,1,0.25,0.49,magicdotcards,tcgplayer,,,%
Eye of the Storm,Ravnica: City of Guilds,0,1,0.6,0.49,cardkingdom,trollandtoad,20,3,%
Hex,Ravnica: City of Guilds,0,1,0.25,0.49,magicdotcards,trollandtoad,,6,%
Pestilence Demon,Rise of the Eldrazi,0,1,0.17,0.49,abugames,trollandtoad,99,6,%
Counterbore,Shadowmoor,0,1,0.25,0.49,magicdotcards,trollandtoad,,7,%
Grim Poppet,Shadowmoor,0,2,0.27,0.49,abugames,trollandtoad,50,3,%
Mass Calcify,Shadowmoor,0,1,0.52,0.49,cardkingdom,trollandtoad,10,5,%
Furnace of Rath,Tempest,0,1,0.5,0.49,magicdotcards,trollandtoad,,3,%
Demonic Collusion,Time Spiral,0,1,0.4,0.49,cardkingdom,trollandtoad,6,1,%
Sprite Noble,Time Spiral,0,1,0.3,0.49,cardkingdom,tcgplayer,14,,%
Persecute,Urza's Saga,0,1,0.5,0.49,magicdotcards,trollandtoad,,1,%
Archmage Ascension,Zendikar,0,3,0.5,0.49,cardkingdom,trollandtoad,25,4,%
Future Sight,Duel Decks: Jace vs. Vraska,0,1,0.1,0.53,Bulk,tcgplayer,99,,%
Echo Mage,Rise of the Eldrazi,0,2,0.1,0.53,Bulk,tcgplayer,99,,%
Turntimber Ranger,Zendikar,0,4,0.25,0.54,magicdotcards,tcgplayer,,,%
Mystic Snake,Apocalypse,0,1,0.5,0.56,magicdotcards,trollandtoad,,4,%
Butcher of Malakir,Worldwake,0,1,0.1,0.57,Bulk,tcgplayer,99,,%
Scute Mob,Duel Decks: Zendikar vs. Eldrazi,0,6,0.1,0.58,Bulk,tcgplayer,99,,%
Two-Headed Dragon,Archenemy,0,1,0.38,0.59,cardkingdom,trollandtoad,10,6,%
"Higure, the Still Wind",Betrayers of Kamigawa,0,2,0.52,0.59,abugames,trollandtoad,12,2,%
Springjack Pasture,Eventide,0,1,0.75,0.59,magicdotcards,trollandtoad,,6,%
Pact of the Titan,Future Sight,0,1,0.65,0.59,cardkingdom,trollandtoad,20,7,%
Enduring Renewal,Ice Age,0,1,0.36,0.59,abugames,trollandtoad,12,2,%
Unbreathing Horde,Innistrad,0,6,0.3,0.59,cardkingdom,trollandtoad,24,5,%
Royal Assassin,Magic 2011,0,1,0.25,0.59,magicdotcards,trollandtoad,,9,%
Glissa Sunseeker,Mirrodin,0,2,0.3,0.59,abugames,trollandtoad,50,1,%
"Numot, the Devastator",Planar Chaos,0,1,0.5,0.59,cardkingdom,trollandtoad,10,2,%
Tuktuk the Explorer,Rise of the Eldrazi,0,1,0.1,0.59,Bulk,trollandtoad,99,2,%
"Jaya Ballard, Task Mage",Time Spiral,0,2,0.25,0.59,magicdotcards,trollandtoad,,3,%
Kher Keep,Time Spiral,0,1,0.38,0.59,cardkingdom,trollandtoad,10,1,%
Crypt of Agadeem,Zendikar,0,2,0.5,0.63,cardkingdom,tcgplayer,22,,%
"Cho-Manno, Revolutionary",Tenth Edition,0,1,0.33,0.65,cardkingdom,tcgplayer,10,,%
Rising Waters,Nemesis,0,1,0.41,0.68,abugames,tcgplayer,12,,%
Soul Spike,Coldsnap,0,1,1,0.69,magicdotcards,trollandtoad,,1,%
Kederekt Parasite,Conflux,0,1,0.85,0.69,cardkingdom,trollandtoad,14,13,%
Deus of Calamity,Duel Decks: Heroes vs. Monsters,0,1,0.52,0.69,abugames,trollandtoad,12,1,%
Rakdos Pit Dragon,Duel Decks: Jace vs. Chandra,0,1,0.1,0.69,Bulk,trollandtoad,99,1,%
Thunder Dragon,Duel Decks: Knights vs. Dragons,0,2,0.48,0.69,abugames,trollandtoad,99,3,%
"Treva, the Renewer",Duel Decks: Phyrexia vs. The Coalition,0,1,0.23,0.69,abugames,trollandtoad,99,1,%
Yore-Tiller Nephilim,Guildpact,0,2,0.54,0.69,abugames,trollandtoad,16,1,%
Aura Mutation,Invasion,0,1,0.5,0.69,capefeargames,trollandtoad,4,4,%
Epic Struggle,Judgment,0,2,0.75,0.69,magicdotcards,trollandtoad,,3,%
Indestructibility,Magic 2010,0,1,0.25,0.69,magicdotcards,trollandtoad,,3,%
Time Reversal,Magic 2011,0,2,0.5,0.69,magicdotcards,trollandtoad,,1,%
Teeka's Dragon,Mirage,0,1,0.75,0.69,magicdotcards,trollandtoad,,1,%
Benalish Commander,Planar Chaos,0,1,0.8,0.69,abugames,trollandtoad,12,1,%
Mortician Beetle,Rise of the Eldrazi,0,1,0.49,0.69,abugames,trollandtoad,20,5,%
Dramatic Entrance,Shadowmoor,0,1,1.5,0.69,magicdotcards,trollandtoad,,1,%
Deep-Sea Kraken,Time Spiral,0,2,0.25,0.69,magicdotcards,trollandtoad,,1,%
Sudden Spoiling,Time Spiral,0,2,0.28,0.69,abugames,trollandtoad,50,6,%
Temporal Aperture,Urza's Saga,0,1,0.6,0.69,abugames,trollandtoad,35,2,%
Comet Storm,Worldwake,0,2,0.5,0.69,magicdotcards,trollandtoad,,7,%
Roil Elemental,Zendikar,0,2,0.75,0.69,magicdotcards,trollandtoad,,2,%
Orb of Dreams,Betrayers of Kamigawa,0,1,0.5,0.7,magicdotcards,tcgplayer,,,%
Decree of Silence,Scourge,0,1,0.36,0.71,abugames,tcgplayer,15,,%
Eerie Interlude,Shadows over Innistrad,0,4,0.28,0.72,abugames,tcgplayer,50,,%
Cradle of Vitality,Shards of Alara,0,1,0.5,0.72,magicdotcards,tcgplayer,,,%
Inkwell Leviathan,Duel Decks: Elspeth vs. Kiora,0,1,0.1,0.74,Bulk,tcgplayer,99,,%
Oppression,Urza's Saga,0,1,0.5,0.74,magicdotcards,tcgplayer,,,%
Wall of Nets,Exodus,0,1,0.32,0.75,abugames,tcgplayer,99,,%
Cephalid Constable,Tenth Edition,0,1,0.36,0.76,abugames,tcgplayer,12,,%
Body Double,Duel Decks: Jace vs. Vraska,0,4,0.4,0.77,cardkingdom,tcgplayer,19,,%
Desolation Angel,Apocalypse,0,1,0.5,0.79,magicdotcards,trollandtoad,,2,%
Acquire,Fifth Dawn,0,2,0.98,0.79,abugames,trollandtoad,20,3,%
Surgespanner,Lorwyn,0,1,0.5,0.79,magicdotcards,trollandtoad,,2,%
Mystifying Maze,Magic 2011,0,1,0.5,0.79,magicdotcards,trollandtoad,,2,%
Temporal Adept,Ninth Edition,0,1,0.25,0.79,cardkingdom,tcgplayer,10,,%
"Crovax, Ascendant Hero",Planar Chaos,0,3,0.9,0.79,cardkingdom,trollandtoad,20,8,%
Consuming Vapors,Rise of the Eldrazi,0,1,0.3,0.79,abugames,trollandtoad,50,9,%
Umbra Mystic,Rise of the Eldrazi,0,1,0.27,0.79,abugames,trollandtoad,50,2,%
"Wort, the Raidmother",Shadowmoor,0,1,0.58,0.79,abugames,trollandtoad,50,2,%
Plunge into Darkness,Fifth Dawn,0,1,0.5,0.81,magicdotcards,tcgplayer,,,%
Blood Tribute,Zendikar,0,1,0.32,0.82,abugames,tcgplayer,30,,%
Questing Phelddagrif,Planeshift,0,1,0.39,0.84,abugames,tcgplayer,20,,%
Arena,"Time Spiral ""Timeshifted""",0,1,0.5,0.84,magicdotcards,tcgplayer,,,%
Meglonoth,Conflux,0,2,0.25,0.87,cardkingdom,tcgplayer,10,,%
"Ryusei, the Falling Star",Champions of Kamigawa,0,1,0.8,0.89,cardkingdom,trollandtoad,15,4,%
Winds of Rath,Duel Decks: Heroes vs. Monsters,0,2,0.3,0.89,cardkingdom,trollandtoad,17,5,%
Twilight Drover,Duel Decks: Sorin vs. Tibalt,0,1,0.21,0.89,abugames,trollandtoad,99,3,%
Abyssal Nocturnus,Guildpact,0,3,0.75,0.89,magicdotcards,trollandtoad,,2,%
Game of Chaos,Ice Age,0,1,0.38,0.89,cardkingdom,trollandtoad,17,3,%
Nomad Mythmaker,Judgment,0,1,0.5,0.89,magicdotcards,trollandtoad,,2,%
Mirror Entity,Lorwyn,0,1,1,0.89,magicdotcards,trollandtoad,,4,%
Rule of Law,Mirrodin,0,1,0.62,0.89,abugames,trollandtoad,16,4,%
Hour of Reckoning,Ravnica: City of Guilds,0,2,0.8,0.89,cardkingdom,trollandtoad,15,2,%
Mul Daya Channelers,Rise of the Eldrazi,0,1,0.73,0.89,abugames,trollandtoad,30,1,%
Raven Guild Master,Scourge,0,3,1.15,0.89,cardkingdom,trollandtoad,10,3,%
Cemetery Puca,Shadowmoor,0,1,0.83,0.89,abugames,trollandtoad,20,2,%
Hanna's Custody,Tempest,0,1,0.5,0.89,magicdotcards,trollandtoad,,5,%
"Chainer, Dementia Master",Torment,0,1,0.42,0.89,abugames,trollandtoad,30,11,%
Overmaster,Torment,0,1,0.75,0.89,magicdotcards,trollandtoad,,4,%
Citanul Hierophants,Urza's Saga,0,1,0.57,0.89,abugames,trollandtoad,8,2,%
Trash for Treasure,Mirrodin,0,1,0.46,0.9,abugames,tcgplayer,16,,%
Martial Coup,Conflux,0,2,1,0.99,magicdotcards,trollandtoad,,1,%
Last Word,Darksteel,0,2,0.51,0.99,abugames,trollandtoad,20,6,%
Figure of Destiny,Duel Decks: Heroes vs. Monsters,0,3,0.53,0.99,cardkingdom,trollandtoad,20,2,%
Primal Command,Duel Decks: Zendikar vs. Eldrazi,0,4,0.1,0.99,Bulk,tcgplayer,99,,%
Stirring Wildwood,Duel Decks: Zendikar vs. Eldrazi,0,2,0.4,0.99,cardkingdom,trollandtoad,16,4,%
Rites of Flourishing,Future Sight,0,2,0.74,0.99,abugames,trollandtoad,16,1,%
Protean Hydra,Magic 2010,0,1,1.5,0.99,magicdotcards,trollandtoad,,3,%
Notorious Throng,Morningtide,0,2,0.85,0.99,cardkingdom,trollandtoad,16,1,%
Sensation Gorger,Morningtide,0,1,0.54,0.99,abugames,trollandtoad,20,4,%
Momentous Fall,Rise of the Eldrazi,0,1,0.93,0.99,abugames,trollandtoad,20,8,%
Puppeteer Clique,Shadowmoor,0,1,1,0.99,capefeargames,trollandtoad,1,1,%
Twilight Shepherd,Shadowmoor,0,1,0.5,0.99,magicdotcards,trollandtoad,,1,%
Knight-Captain of Eos,Shards of Alara,0,1,0.69,0.99,abugames,trollandtoad,20,2,%
Mutilate,Torment,0,3,0.5,0.99,magicdotcards,trollandtoad,,4,%
Final Fortune,Mirage,0,2,0.5,1.02,magicdotcards,tcgplayer,,,%
High Market,Mercadian Masques,0,1,3,1.07,magicdotcards,trollandtoad,,1,%
Mark of Asylum,Conflux,0,1,1.06,1.09,abugames,trollandtoad,16,43,%
Molten Influence,Odyssey,0,1,1,1.09,magicdotcards,trollandtoad,,3,%
Helldozer,Ravnica: City of Guilds,0,1,0.8,1.09,abugames,trollandtoad,16,1,%
Mayael the Anima,Shards of Alara,0,1,0.5,1.09,magicdotcards,trollandtoad,,3,%
Lavaclaw Reaches,Worldwake,0,6,1,1.09,magicdotcards,trollandtoad,,11,%
Obsidian Fireheart,Zendikar,0,1,0.5,1.09,capefeargames,trollandtoad,3,8,%
Summoning Trap,Zendikar,0,1,1,1.09,magicdotcards,trollandtoad,,1,%
Arcbound Reclaimer,Darksteel,0,1,0.45,1.11,cardkingdom,tcgplayer,20,,%
Bad Moon,Duel Decks: Garruk vs. Liliana,0,1,0.35,1.13,abugames,tcgplayer,99,,%
Well of Lost Dreams,Darksteel,0,1,0.9,1.19,abugames,trollandtoad,16,1,%
Rout,Invasion,0,2,1.5,1.19,cardkingdom,trollandtoad,10,4,%
Phage the Untouchable,Legions,0,1,1,1.19,magicdotcards,trollandtoad,,1,%
Open the Vaults,Magic 2010,0,3,0.75,1.19,magicdotcards,trollandtoad,,9,%
Leonin Abunas,Mirrodin,0,2,1,1.19,magicdotcards,trollandtoad,,7,%
Second Sunrise,Mirrodin,0,1,1.25,1.19,cardkingdom,trollandtoad,14,1,%
Knowledge Exploitation,Morningtide,0,1,1.5,1.19,capefeargames,trollandtoad,5,1,%
"Ib Halfheart, Goblin Tactician",Time Spiral,0,1,0.43,1.19,abugames,trollandtoad,50,7,%
Kilnmouth Dragon,Legions,0,1,0.5,1.2,magicdotcards,tcgplayer,,,%
Kilnmouth Dragon,Duel Decks: Knights vs. Dragons,0,1,0.46,1.22,abugames,tcgplayer,35,,%
"Jugan, the Rising Star",Champions of Kamigawa,0,2,1,1.23,magicdotcards,trollandtoad,,2,%
Curse of the Cabal,Time Spiral,0,1,0.5,1.25,magicdotcards,tcgplayer,,,%
Sprouting Phytohydra,Dissension,0,1,1,1.29,magicdotcards,trollandtoad,,1,%
Gravespawn Sovereign,Onslaught,0,1,0.36,1.29,cardkingdom,trollandtoad,16,3,%
Loxodon Gatekeeper,Ravnica: City of Guilds,0,1,0.56,1.29,abugames,trollandtoad,30,2,%
Rakka Mar,Conflux,0,1,0.65,1.33,abugames,tcgplayer,16,,%
Thraximundar,Alara Reborn,0,1,1,1.39,magicdotcards,trollandtoad,,1,%
Kaervek the Merciless,Archenemy,0,2,0.9,1.39,abugames,trollandtoad,12,1,%
Sphinx Summoner,Conflux,0,1,0.8,1.39,cardkingdom,trollandtoad,14,3,%
Goblin Ringleader,Duel Decks: Elves vs. Goblins,0,1,0.52,1.39,abugames,trollandtoad,99,3,%
Treetop Village,Duel Decks: Garruk vs. Liliana,0,1,1.38,1.39,abugames,trollandtoad,10,7,%
Artifact Mutation,Invasion,0,1,1.3,1.39,cardkingdom,trollandtoad,13,1,%
Worldgorger Dragon,Judgment,0,1,0.8,1.39,abugames,trollandtoad,99,6,%
Blinkmoth Urn,Mirrodin,0,1,1.03,1.39,abugames,trollandtoad,20,2,%
"Kataki, War's Wage",Modern Event Deck 2014,0,1,0.54,1.39,abugames,trollandtoad,12,1,%
Upheaval,Odyssey,0,1,0.98,1.39,abugames,trollandtoad,20,1,%
Slate of Ancestry,Onslaught,0,1,0.5,1.39,capefeargames,trollandtoad,3,1,%
"Savra, Queen of the Golgari",Ravnica: City of Guilds,0,2,1.12,1.39,abugames,trollandtoad,16,1,%
Rite of Replication,Zendikar,0,1,0.75,1.39,magicdotcards,trollandtoad,,1,%
"Rith, the Awakener",Duel Decks: Phyrexia vs. The Coalition,0,4,0.38,1.42,cardkingdom,tcgplayer,10,,%
Plow Under,Eighth Edition,0,1,0.72,1.44,cardkingdom,abugames,10,70,%
Seismic Assault,Eighth Edition,0,3,0.71,1.44,abugames,abugames,20,29,%
Magister Sphinx,Archenemy,0,1,0.75,1.46,cardkingdom,tcgplayer,10,,%
Utopia Tree,Ninth Edition,0,1,1.5,1.48,magicdotcards,tcgplayer,,,%
Arcbound Overseer,Darksteel,0,2,1,1.49,magicdotcards,trollandtoad,,2,%
Soul Foundry,Mirrodin,0,1,1.09,1.49,abugames,trollandtoad,30,7,%
Vault of the Archangel,Modern Event Deck 2014,0,1,1.44,1.49,abugames,trollandtoad,12,1,%
Cream of the Crop,Morningtide,0,1,0.93,1.49,abugames,trollandtoad,16,1,%
"Ryusei, the Falling Star",Archenemy,0,1,0.58,1.55,abugames,tcgplayer,99,,%
"Teneb, the Harvester",Planar Chaos,0,1,0.85,1.55,cardkingdom,tcgplayer,18,,%
Time Stop,Champions of Kamigawa,0,2,1.5,1.59,capefeargames,trollandtoad,1,1,%
Equilibrium,Exodus,0,1,0.5,1.59,magicdotcards,trollandtoad,,4,%
Purity,Lorwyn,0,1,1,1.59,magicdotcards,trollandtoad,,6,%
Fatespinner,Mirrodin,0,1,1.35,1.59,cardkingdom,trollandtoad,14,2,%
Caves of Koilos,Modern Event Deck 2014,0,1,1.1,1.59,abugames,trollandtoad,20,8,%
Parallax Wave,Nemesis,0,1,1.28,1.59,abugames,trollandtoad,20,2,%
Doomed Necromancer,Onslaught,0,1,2,1.59,magicdotcards,trollandtoad,,1,%
Stuffy Doll,Time Spiral,0,2,1.5,1.59,magicdotcards,trollandtoad,,1,%
"Wort, Boggart Auntie",Lorwyn,0,1,0.85,1.6,abugames,tcgplayer,12,,%
True Believer,Tenth Edition,0,1,0.78,1.6,abugames,tcgplayer,20,,%
Undermine,Ajani vs. Nicol Bolas,0,1,1,1.61,cardkingdom,tcgplayer,19,,%
Cursed Totem,Mirage,0,1,0.8,1.63,cardkingdom,tcgplayer,10,,%
Nicol Bolas,"Time Spiral ""Timeshifted""",0,1,0.75,1.64,magicdotcards,tcgplayer,,,%
Scion of Darkness,Legions,0,1,1,1.65,magicdotcards,tcgplayer,,,%
Hypnotic Specter,Ninth Edition,0,1,1,1.68,magicdotcards,tcgplayer,,,%
Serra Avatar,Urza's Saga,0,2,1,1.68,magicdotcards,tcgplayer,,,%
Hunting Grounds,Judgment,0,2,1.5,1.69,magicdotcards,trollandtoad,,1,%
Mirrorweave,Shadowmoor,0,3,1.5,1.69,magicdotcards,trollandtoad,,8,%
Draining Whelk,Time Spiral,0,2,1.32,1.69,abugames,trollandtoad,30,1,%
Emeria Angel,Zendikar,0,3,1,1.7,magicdotcards,tcgplayer,,,%
Stoic Angel,Shards of Alara,0,1,0.56,1.71,abugames,tcgplayer,50,,%
Seismic Assault,Exodus,0,3,1,1.75,magicdotcards,tcgplayer,,,%
Beastmaster Ascension,Zendikar,0,1,0.75,1.76,magicdotcards,tcgplayer,,,%
Myojin of Cleansing Fire,Champions of Kamigawa,0,1,1.15,1.77,cardkingdom,tcgplayer,10,,%
Dauntless Escort,Alara Reborn,0,1,1.06,1.79,abugames,trollandtoad,16,3,%
"Seizan, Perverter of Truth",Champions of Kamigawa,0,1,1.75,1.79,cardkingdom,trollandtoad,18,7,%
Jhoira of the Ghitu,Future Sight,0,1,1,1.79,cardkingdom,trollandtoad,12,5,%
Mossfire Valley,Odyssey,0,1,1.3,1.79,cardkingdom,trollandtoad,15,1,%
Deathless Angel,Rise of the Eldrazi,0,1,0.6,1.79,cardkingdom,trollandtoad,15,3,%
Baron Sengir,Homelands,0,1,1.4,1.8,cardkingdom,tcgplayer,17,,%
Grand Coliseum,Onslaught,0,2,0.8,1.85,cardkingdom,tcgplayer,11,,%
Thistledown Liege,Shadowmoor,0,1,1.5,1.87,magicdotcards,tcgplayer,,,%
Mayael's Aria,Alara Reborn,0,1,2,1.89,magicdotcards,trollandtoad,,1,%
Heartbeat of Spring,Champions of Kamigawa,0,1,2,1.89,capefeargames,trollandtoad,1,1,%
Balthor the Defiled,Judgment,0,1,1.35,1.89,cardkingdom,trollandtoad,8,2,%
Living Wish,Judgment,0,2,2.25,1.89,cardkingdom,trollandtoad,10,2,%
Cemetery Reaper,Magic 2010,0,1,1.5,1.89,magicdotcards,trollandtoad,,2,%
Serra Avenger,Time Spiral,0,1,1.17,1.89,abugames,trollandtoad,16,1,%
Decimate,Odyssey,0,1,1,1.9,magicdotcards,tcgplayer,,,%
It That Betrays,Duel Decks: Zendikar vs. Eldrazi,0,1,0.75,1.92,cardkingdom,tcgplayer,14,,%
Primal Command,Archenemy,0,2,1.9,1.99,abugames,trollandtoad,99,6,%
Treetop Village,Duel Decks: Knights vs. Dragons,0,1,1.15,1.99,abugames,trollandtoad,30,4,%
Glacial Fortress,Magic 2010,0,3,1.06,1.99,abugames,trollandtoad,16,2,%
Elvish Archdruid,Magic 2011,0,3,1.06,1.99,abugames,trollandtoad,16,6,%
Glacial Fortress,Magic 2011,0,2,1.5,1.99,cardkingdom,trollandtoad,24,1,%
Plague Wind,Prophecy,0,1,1.21,1.99,abugames,trollandtoad,99,1,%
Decree of Pain,Scourge,0,1,1,1.99,cardkingdom,trollandtoad,13,1,%
Opalescence,Urza's Destiny,0,1,2,1.99,capefeargames,trollandtoad,6,1,%
Quest for Ula's Temple,Worldwake,0,1,0.95,1.99,cardkingdom,trollandtoad,22,13,%
Blazing Archon,Ravnica: City of Guilds,0,1,1.01,2.02,abugames,tcgplayer,20,,%
Herald of Leshrac,Coldsnap,0,1,1.3,2.09,cardkingdom,trollandtoad,10,7,%
Raksha Golden Cub,Fifth Dawn,0,1,1.5,2.09,capefeargames,trollandtoad,1,2,%
Tower of the Magistrate,Mercadian Masques,0,1,2,2.09,magicdotcards,trollandtoad,,2,%
Skyshroud Poacher,Nemesis,0,2,1.2,2.09,abugames,trollandtoad,20,2,%
Wild Pair,Planar Chaos,0,2,1,2.09,magicdotcards,trollandtoad,,7,%
Novablast Wurm,Worldwake,0,1,1.5,2.09,magicdotcards,trollandtoad,,1,%
Stirring Wildwood,Worldwake,0,2,0.8,2.09,cardkingdom,trollandtoad,21,3,%
New Frontiers,Odyssey,0,1,1.5,2.17,cardkingdom,tcgplayer,13,,%
Seismic Assault,Tenth Edition,0,1,1.5,2.17,cardkingdom,tcgplayer,10,,%
Sovereigns of Lost Alara,Alara Reborn,0,1,1.73,2.19,abugames,trollandtoad,16,7,%
Wall of Reverence,Conflux,0,1,1.5,2.19,cardkingdom,tcgplayer,16,,%
Sunpetal Grove,Magic 2011,0,1,1.5,2.19,cardkingdom,trollandtoad,23,5,%
Eternity Vessel,Zendikar,0,1,1,2.19,magicdotcards,tcgplayer,,,%
Champion of the Parish,Innistrad,0,4,1.5,2.29,cardkingdom,trollandtoad,38,2,%
Sunpetal Grove,Magic 2010,0,1,1.5,2.29,magicdotcards,trollandtoad,,10,%
Dragonskull Summit,Magic 2011,0,1,1.33,2.29,abugames,trollandtoad,16,9,%
Sisters of Stone Death,Ravnica: City of Guilds,0,1,1.02,2.29,abugames,trollandtoad,50,3,%
Norin the Wary,Time Spiral,0,1,2.12,2.29,abugames,trollandtoad,16,1,%
Kabira Evangel,Zendikar,0,1,1,2.29,capefeargames,trollandtoad,1,9,%
Hermit Druid,Stronghold,0,1,1,2.3,capefeargames,tcgplayer,8,,%
Siege-Gang Commander,Tenth Edition,0,1,1.3,2.3,cardkingdom,tcgplayer,10,,%
Insidious Dreams,Torment,0,1,1.5,2.33,magicdotcards,tcgplayer,,,%
Underground River,Ice Age,0,1,2.18,2.36,abugames,trollandtoad,8,2,%
Reya Dawnbringer,Tenth Edition,0,1,2,2.37,magicdotcards,tcgplayer,,,%
Storm Herd,Guildpact,0,1,1.28,2.38,abugames,tcgplayer,16,,%
Windbrisk Heights,Lorwyn,0,3,1.5,2.39,cardkingdom,tcgplayer,21,,%
Crackdown,Mercadian Masques,0,1,2.5,2.39,cardkingdom,trollandtoad,17,5,%
Prince of Thralls,Shards of Alara,0,1,2.5,2.39,magicdotcards,trollandtoad,,2,%
Aura Thief,Urza's Destiny,0,1,1.06,2.4,abugames,tcgplayer,8,,%
Yavimaya Coast,Apocalypse,0,2,2.25,2.49,cardkingdom,trollandtoad,15,13,%
Captain Sisay,Invasion,0,2,2.25,2.49,cardkingdom,trollandtoad,16,2,%
City of Brass,Modern Event Deck 2014,0,2,1.6,2.49,abugames,trollandtoad,8,1,%
Splinter Twin,Modern Masters 2015 Edition,0,3,1.55,2.49,abugames,trollandtoad,99,13,%
Sungrass Prairie,Odyssey,0,1,2,2.49,magicdotcards,trollandtoad,,1,%
Avatar of Woe,Prophecy,0,2,2,2.49,magicdotcards,trollandtoad,,1,%
Phytohydra,Ravnica: City of Guilds,0,1,1.8,2.49,cardkingdom,trollandtoad,11,5,%
Contagion Engine,Scars of Mirrodin,0,1,2,2.49,magicdotcards,trollandtoad,,12,%
Polluted Bonds,Shadowmoor,0,1,2,2.49,capefeargames,trollandtoad,7,3,%
Saffi Eriksdotter,Time Spiral,0,2,1.6,2.49,abugames,trollandtoad,16,6,%
Lightning Crafter,Morningtide,0,1,1.5,2.52,capefeargames,tcgplayer,7,,%
Evacuation,Tenth Edition,0,1,1.3,2.53,cardkingdom,tcgplayer,10,,%
Oversoul of Dusk,Shadowmoor,0,1,2.2,2.55,cardkingdom,tcgplayer,16,,%
Goblin King,Ninth Edition,0,1,2,2.59,magicdotcards,abugames,,0,%
Myr Matrix,Darksteel,0,2,1.5,2.64,magicdotcards,tcgplayer,,,%
Pithing Needle,Magic 2010,0,1,1.75,2.66,cardkingdom,tcgplayer,14,,%
Sanguine Bond,Magic 2010,0,1,2,2.69,magicdotcards,tcgplayer,,,%
Steely Resolve,Onslaught,0,1,1.81,2.69,abugames,trollandtoad,12,1,%
Rhys the Exiled,Morningtide,0,1,1.6,2.76,abugames,tcgplayer,16,,%
Wargate,Alara Reborn,0,2,2,2.79,cardkingdom,trollandtoad,14,2,%
Llanowar Wastes,Apocalypse,0,2,2,2.79,cardkingdom,trollandtoad,10,1,%
Synapse Sliver,Legions,0,1,3,2.79,magicdotcards,trollandtoad,,1,%
Ethersworn Canonist,Shards of Alara,0,1,2.56,2.79,abugames,trollandtoad,16,1,%
Sunder,Urza's Saga,0,1,1.2,2.85,abugames,tcgplayer,15,,%
Vedalken Orrery,Conspiracy,0,1,2.8,2.89,abugames,trollandtoad,12,3,%
Absorb,Invasion,0,1,2.25,2.89,cardkingdom,trollandtoad,16,3,%
Patron of the Orochi,Betrayers of Kamigawa,0,2,2.3,2.99,cardkingdom,trollandtoad,10,9,%
Budoka Gardener,Champions of Kamigawa,0,2,2,2.99,capefeargames,trollandtoad,6,6,%
Primal Command,Lorwyn,0,1,2.06,2.99,abugames,trollandtoad,30,6,%
Knight Exemplar,Magic 2011,0,1,1.75,2.99,cardkingdom,trollandtoad,30,11,%
Thragtusk,Magic 2013,0,1,3.65,2.99,cardkingdom,trollandtoad,36,1,%
Rest in Peace,Return to Ravnica,0,2,3,2.99,magicdotcards,trollandtoad,,20,%
"Sedris, the Traitor King",Shards of Alara,0,1,2,2.99,magicdotcards,trollandtoad,,1,%
Awakening,Stronghold,0,1,3.25,2.99,abugames,trollandtoad,10,22,%
Goblin Welder,Urza's Legacy,0,2,2.05,2.99,cardkingdom,trollandtoad,21,2,%
Living Death,Duel Decks: Phyrexia vs. The Coalition,0,1,2.25,3.11,cardkingdom,tcgplayer,10,,%
"Anowon, the Ruin Sage",Worldwake,0,2,1.6,3.11,abugames,tcgplayer,16,,%
Opposition,Urza's Destiny,0,2,1.5,3.16,magicdotcards,tcgplayer,,,%
Tidespout Tyrant,Dissension,0,1,3.58,3.19,abugames,trollandtoad,16,3,%
Ward of Bones,Eventide,0,1,2.22,3.19,abugames,trollandtoad,20,1,%
"Wrexial, the Risen Deep",Worldwake,0,1,1.5,3.19,capefeargames,trollandtoad,8,1,%
Pattern of Rebirth,Urza's Destiny,0,3,1.6,3.2,abugames,tcgplayer,12,,%
Nut Collector,Odyssey,0,1,2,3.25,cardkingdom,tcgplayer,10,,%
Spelljack,Judgment,0,1,1.5,3.31,capefeargames,tcgplayer,7,,%
Elvish Champion,Eighth Edition,0,2,4,3.39,cardkingdom,abugames,13,0,%
"Teysa, Orzhov Scion",Guildpact,0,1,2.34,3.39,abugames,trollandtoad,16,2,%
Insurrection,Onslaught,0,1,3,3.49,capefeargames,trollandtoad,2,11,%
Visara the Dreadful,Onslaught,0,1,3,3.49,magicdotcards,trollandtoad,,8,%
Stifle,Scourge,0,1,4.7,3.49,cardkingdom,trollandtoad,18,3,%
Angel of Despair,Guildpact,0,1,2,3.5,magicdotcards,tcgplayer,,,%
Conspiracy,Mercadian Masques,0,3,1.5,3.59,cardkingdom,tcgplayer,15,,%
Blade of the Bloodchief,Zendikar,0,2,2.25,3.61,cardkingdom,tcgplayer,27,,%
Elvish Champion,Seventh Edition,0,1,4,3.74,cardkingdom,abugames,10,1,%
Soulfire Grand Master,Fate Reforged,0,3,2,3.89,magicdotcards,tcgplayer,,,%
Exotic Orchard,Planechase 2012 Edition,0,1,2,3.95,capefeargames,tcgplayer,5,,%
Rain of Gore,Dissension,0,1,3,3.99,magicdotcards,tcgplayer,,,%
Knight of the White Orchid,Duel Decks: Knights vs. Dragons,0,1,3.22,3.99,abugames,trollandtoad,20,9,%
Knight of the White Orchid,Shards of Alara,0,3,3.3,3.99,abugames,trollandtoad,16,11,%
Wrath of God,Fourth Edition,0,1,3.7,4.09,cardkingdom,trollandtoad,19,1,%
Parallel Evolution,Torment,0,1,2.07,4.1,abugames,tcgplayer,12,,%
Eldrazi Temple,Duel Decks: Zendikar vs. Eldrazi,0,1,1.1,4.11,cardkingdom,tcgplayer,20,,%
Sulfurous Springs,Ice Age,0,1,2.18,4.18,abugames,tcgplayer,12,,%
Guul Draz Assassin,Rise of the Eldrazi,0,1,3.7,4.19,cardkingdom,trollandtoad,20,1,%
"Sygg, River Cutthroat",Shadowmoor,0,1,4,4.19,magicdotcards,trollandtoad,,6,%
Nether Traitor,Time Spiral,0,1,3,4.19,magicdotcards,trollandtoad,,2,%
Hall of Gemstone,Mirage,0,4,2,4.39,magicdotcards,trollandtoad,,2,%
Harabaz Druid,Worldwake,0,3,3.22,4.39,abugames,trollandtoad,12,5,%
Bloodchief Ascension,Zendikar,0,1,3.25,4.39,abugames,trollandtoad,16,1,%
Mana Confluence,Journey into Nyx,0,1,3.02,4.45,abugames,tcgplayer,16,,%
Pernicious Deed,Apocalypse,0,3,3,4.49,magicdotcards,trollandtoad,,4,%
Blinkmoth Nexus,Modern Masters 2015 Edition,0,8,3.82,4.49,abugames,trollandtoad,99,25,%
Patron Wizard,Odyssey,0,1,3.5,4.49,cardkingdom,trollandtoad,13,10,%
Meditate,Tempest,0,2,5,4.49,magicdotcards,trollandtoad,,17,%
Maralen of the Mornsong,Morningtide,0,1,2,4.5,magicdotcards,tcgplayer,,,%
Horn of Greed,Stronghold,0,2,4.5,4.59,cardkingdom,trollandtoad,17,1,%
Konda's Banner,Champions of Kamigawa,0,1,4.7,4.79,cardkingdom,trollandtoad,19,1,%
Font of Mythos,Conflux,0,1,3.8,4.79,cardkingdom,trollandtoad,22,9,%
Sword of Kaldra,Mirrodin,0,1,3.5,4.79,cardkingdom,trollandtoad,18,14,%
Scion of the Ur-Dragon,Time Spiral,0,3,4,4.79,cardkingdom,trollandtoad,19,2,%
Enchantress's Presence,Onslaught,0,1,4,4.81,cardkingdom,tcgplayer,10,,%
Darksteel Forge,Magic 2014 Core Set,0,1,3,4.89,capefeargames,trollandtoad,3,4,%
Black Market,Mercadian Masques,0,1,2,4.89,capefeargames,trollandtoad,3,4,%
Oversold Cemetery,Onslaught,0,1,4,4.96,cardkingdom,tcgplayer,14,,%
Mindslaver,Mirrodin,0,1,3,4.97,cardkingdom,tcgplayer,21,,%
Beast Within,Planechase 2012 Edition,0,1,2.5,4.98,capefeargames,tcgplayer,7,,%
Gavony Township,Innistrad,0,2,3.7,4.99,cardkingdom,trollandtoad,36,3,%
Birthing Pod,New Phyrexia,0,2,3.69,4.99,abugames,trollandtoad,12,6,%
Remand,Duel Decks: Jace vs. Vraska,0,1,3.02,5.04,abugames,tcgplayer,15,,%
"Karn, Silver Golem",Urza's Saga,0,1,4.64,5.19,abugames,trollandtoad,8,1,%
"Uril, the Miststalker",Alara Reborn,0,1,4,5.3,cardkingdom,tcgplayer,10,,%
Cataclysm,Exodus,0,1,2.51,5.39,abugames,trollandtoad,99,10,%
Phelddagrif,Alliances,0,1,3.58,5.49,abugames,trollandtoad,12,4,%
Legion Loyalist,Gatecrash,0,1,5,5.49,magicdotcards,trollandtoad,,28,%
Grave Titan,Magic 2011,0,1,3.8,5.49,cardkingdom,trollandtoad,11,5,%
Awakening Zone,Rise of the Eldrazi,0,1,3.58,5.54,abugames,tcgplayer,16,,%
Reveillark,Morningtide,0,2,5,5.59,magicdotcards,trollandtoad,,2,%
Gravecrawler,Dark Ascension,0,4,4,5.99,magicdotcards,tcgplayer,,,%
Blinkmoth Nexus,Darksteel,0,4,5.62,5.99,abugames,trollandtoad,16,11,%
Gilded Lotus,Mirrodin,0,1,6,5.99,cardkingdom,trollandtoad,18,3,%
Worship,Urza's Saga,0,1,7.91,5.99,abugames,trollandtoad,20,1,%
Pyromancer Ascension,Zendikar,0,2,5.23,5.99,abugames,trollandtoad,16,20,%
Lurking Predators,Magic 2010,0,1,4,6.26,cardkingdom,tcgplayer,22,,%
Birds of Paradise,Magic 2012,0,1,4,6.39,cardkingdom,trollandtoad,23,1,%
Toxin Sliver,Legions,0,1,6,6.49,magicdotcards,trollandtoad,,2,%
Rise of the Dark Realms,Magic 2014 Core Set,0,1,4,6.49,cardkingdom,trollandtoad,20,4,%
Cyclonic Rift,Return to Ravnica,0,1,3.8,6.49,cardkingdom,tcgplayer,42,,%
Genesis Wave,Scars of Mirrodin,0,1,4.5,6.49,cardkingdom,trollandtoad,29,4,%
"Darien, King of Kjeldor",Coldsnap,0,1,4.3,6.53,cardkingdom,tcgplayer,19,,%
Undiscovered Paradise,Visions,0,1,3.5,6.64,cardkingdom,tcgplayer,12,,%
Copperline Gorge,Scars of Mirrodin,0,1,4.5,6.79,cardkingdom,trollandtoad,24,2,%
Eldrazi Monument,Zendikar,0,1,5,6.94,magicdotcards,tcgplayer,,,%
Ajani Steadfast,Magic 2015 Core Set,0,1,5,6.99,magicdotcards,trollandtoad,,4,%
Blinkmoth Nexus,Modern Masters,0,1,5.56,6.99,abugames,trollandtoad,30,5,%
Cloud Key,Future Sight,0,2,4,7.07,cardkingdom,tcgplayer,8,,%
Phyrexian Crusader,Mirrodin Besieged,0,1,4.5,7.21,cardkingdom,tcgplayer,28,,%
Reflecting Pool,Shadowmoor,0,1,4.2,7.21,cardkingdom,tcgplayer,23,,%
Martyr's Bond,Commander,0,1,2.75,7.33,abugames,tcgplayer,12,,%
Mana Echoes,Onslaught,0,1,5,7.39,cardkingdom,trollandtoad,18,12,%
Eiganjo Castle,Champions of Kamigawa,0,1,6,7.49,cardkingdom,trollandtoad,10,5,%
Parallel Lives,Innistrad,0,2,5,7.49,capefeargames,trollandtoad,2,5,%
Primordial Hydra,Magic 2012,0,1,5,7.49,magicdotcards,trollandtoad,,2,%
Mistbind Clique,Lorwyn,0,1,8,7.96,cardkingdom,tcgplayer,21,,%
"Thalia, Guardian of Thraben",Dark Ascension,0,1,5,7.99,magicdotcards,trollandtoad,,1,%
Domri Rade,Gatecrash,0,1,5.15,7.99,abugames,trollandtoad,16,3,%
Angel's Grace,Modern Masters,0,1,4.95,7.99,abugames,trollandtoad,12,3,%
Petrified Field,Odyssey,0,2,6,7.99,capefeargames,trollandtoad,8,17,%
Blood Crypt,Return to Ravnica,0,1,4.68,7.99,abugames,trollandtoad,16,3,%
Coat of Arms,Exodus,0,1,5,8.08,cardkingdom,tcgplayer,21,,%
Sublime Archangel,Magic 2013,0,1,5,8.16,cardkingdom,tcgplayer,21,,%
Golgari Grave-Troll,Duel Decks: Izzet vs. Golgari,0,1,1.96,8.18,abugames,tcgplayer,12,,%
Stony Silence,Innistrad,0,2,5,8.39,magicdotcards,trollandtoad,,1,%
"Brimaz, King of Oreskos",Born of the Gods,0,3,5.23,8.49,abugames,trollandtoad,16,12,%
Quicksilver Amulet,Urza's Legacy,0,1,5.5,8.64,cardkingdom,tcgplayer,15,,%
Grafdigger's Cage,Dark Ascension,0,2,5,8.79,cardkingdom,trollandtoad,45,22,%
Archive Trap,Zendikar,0,1,5.5,8.96,cardkingdom,tcgplayer,25,,%
All Is Dust,Modern Masters 2015 Edition,0,2,5.06,8.99,abugames,trollandtoad,16,6,%
Overgrown Tomb,Return to Ravnica,0,1,5.34,8.99,abugames,trollandtoad,16,19,%
"Doran, the Siege Tower",Lorwyn,0,1,7,9.16,cardkingdom,tcgplayer,18,,%
Asceticism,Scars of Mirrodin,0,1,5.23,9.17,abugames,tcgplayer,16,,%
Chains of Mephistopheles,Legends,0,1,250,351.33,capefeargames,tcgplayer,4,,%
Defense of the Heart,Urza's Legacy,0,2,5.5,10.51,cardkingdom,tcgplayer,22,,%
Ensnaring Bridge,Stronghold,0,1,27.54,37.99,abugames,trollandtoad,20,2,%
Extraplanar Lens,Mirrodin,0,1,7.62,11.99,abugames,trollandtoad,16,14,%
Goryo's Vengeance,Betrayers of Kamigawa,0,2,21.37,34.99,abugames,trollandtoad,16,8,%
Huntmaster of the Fells,Dark Ascension,0,1,8.5,14.3,cardkingdom,tcgplayer,20,,%
Kitchen Finks,Modern Masters,0,1,8,15.33,cardkingdom,tcgplayer,32,,%
Kor Spiritdancer,Rise of the Eldrazi,0,1,8.43,10.99,abugames,trollandtoad,12,14,%
Mox Diamond,Stronghold,0,1,49.58,61.99,abugames,trollandtoad,20,1,%
Orzhov Pontiff,Guildpact,0,2,7.87,12.99,abugames,trollandtoad,16,3,%
Stoneforge Mystic,Worldwake,0,1,11,14.49,cardkingdom,trollandtoad,14,1,%
Wasteland,Tempest,0,4,31,34.99,cardkingdom,trollandtoad,23,5,%
Weathered Wayfarer,Ninth Edition,0,1,5.1,10.06,cardkingdom,tcgplayer,10,,%
Wheel of Sun and Moon,Shadowmoor,0,2,12,14.99,magicdotcards,trollandtoad,,8,%
Windswept Heath,Khans of Tarkir,0,9,7,12.79,cardkingdom,tcgplayer,71,,%
Worship,Ninth Edition,0,3,9.39,14.73,abugames,tcgplayer,8,,%
Wurmcoil Engine,Commander 2014,0,1,11.39,17.27,abugames,tcgplayer,20,,%
"Uril, the Miststalker",Alara Reborn,0,1,4,5.3,cardkingdom,tcgplayer,10,,%
Wargate,Alara Reborn,0,2,2,2.79,cardkingdom,trollandtoad,14,2,%
Phelddagrif,Alliances,0,1,3.58,5.49,abugames,trollandtoad,12,4,%
Llanowar Wastes,Apocalypse,0,2,2,2.79,cardkingdom,trollandtoad,10,1,%
Pernicious Deed,Apocalypse,0,3,3,4.49,magicdotcards,trollandtoad,,4,%
Patron of the Orochi,Betrayers of Kamigawa,0,2,2.3,2.99,cardkingdom,trollandtoad,10,9,%
"Brimaz, King of Oreskos",Born of the Gods,0,3,5.23,8.49,abugames,trollandtoad,16,12,%
Budoka Gardener,Champions of Kamigawa,0,2,2,2.99,capefeargames,trollandtoad,6,6,%
Eiganjo Castle,Champions of Kamigawa,0,1,6,7.49,cardkingdom,trollandtoad,10,5,%
Konda's Banner,Champions of Kamigawa,0,1,4.7,4.79,cardkingdom,trollandtoad,19,1,%
"Darien, King of Kjeldor",Coldsnap,0,1,4.3,6.53,cardkingdom,tcgplayer,19,,%
Martyr's Bond,Commander,0,1,2.75,7.33,abugames,tcgplayer,12,,%
Font of Mythos,Conflux,0,1,3.8,4.79,cardkingdom,trollandtoad,22,9,%
Vedalken Orrery,Conspiracy,0,1,2.8,2.89,abugames,trollandtoad,12,3,%
Grafdigger's Cage,Dark Ascension,0,2,5,8.79,cardkingdom,trollandtoad,45,22,%
Gravecrawler,Dark Ascension,0,4,4,5.99,magicdotcards,tcgplayer,,,%
"Thalia, Guardian of Thraben",Dark Ascension,0,1,5,7.99,magicdotcards,trollandtoad,,1,%
Blinkmoth Nexus,Darksteel,0,4,5.62,5.99,abugames,trollandtoad,16,11,%
Rain of Gore,Dissension,0,1,3,3.99,magicdotcards,tcgplayer,,,%
Tidespout Tyrant,Dissension,0,1,3.58,3.19,abugames,trollandtoad,16,3,%
Golgari Grave-Troll,Duel Decks: Izzet vs. Golgari,0,1,1.96,8.18,abugames,tcgplayer,12,,%
Remand,Duel Decks: Jace vs. Vraska,0,1,3.02,5.04,abugames,tcgplayer,15,,%
Knight of the White Orchid,Duel Decks: Knights vs. Dragons,0,1,3.22,3.99,abugames,trollandtoad,20,9,%
Living Death,Duel Decks: Phyrexia vs. The Coalition,0,1,2.25,3.11,cardkingdom,tcgplayer,10,,%
Eldrazi Temple,Duel Decks: Zendikar vs. Eldrazi,0,1,1.1,4.11,cardkingdom,tcgplayer,20,,%
Elvish Champion,Eighth Edition,0,2,4,3.39,cardkingdom,abugames,13,0,%
Ward of Bones,Eventide,0,1,2.22,3.19,abugames,trollandtoad,20,1,%
Cataclysm,Exodus,0,1,2.51,5.39,abugames,trollandtoad,99,10,%
Coat of Arms,Exodus,0,1,5,8.08,cardkingdom,tcgplayer,21,,%
Soulfire Grand Master,Fate Reforged,0,3,2,3.89,magicdotcards,tcgplayer,,,%
Wrath of God,Fourth Edition,0,1,3.7,4.09,cardkingdom,trollandtoad,19,1,%
Cloud Key,Future Sight,0,2,4,7.07,cardkingdom,tcgplayer,8,,%
Domri Rade,Gatecrash,0,1,5.15,7.99,abugames,trollandtoad,16,3,%
Legion Loyalist,Gatecrash,0,1,5,5.49,magicdotcards,trollandtoad,,28,%
Angel of Despair,Guildpact,0,1,2,3.5,magicdotcards,tcgplayer,,,%
"Teysa, Orzhov Scion",Guildpact,0,1,2.34,3.39,abugames,trollandtoad,16,2,%
Sulfurous Springs,Ice Age,0,1,2.18,4.18,abugames,tcgplayer,12,,%
Gavony Township,Innistrad,0,2,3.7,4.99,cardkingdom,trollandtoad,36,3,%
Parallel Lives,Innistrad,0,2,5,7.49,capefeargames,trollandtoad,2,5,%
Stony Silence,Innistrad,0,2,5,8.39,magicdotcards,trollandtoad,,1,%
Absorb,Invasion,0,1,2.25,2.89,cardkingdom,trollandtoad,16,3,%
Mana Confluence,Journey into Nyx,0,1,3.02,4.45,abugames,tcgplayer,16,,%
Spelljack,Judgment,0,1,1.5,3.31,capefeargames,tcgplayer,7,,%
Synapse Sliver,Legions,0,1,3,2.79,magicdotcards,trollandtoad,,1,%
Toxin Sliver,Legions,0,1,6,6.49,magicdotcards,trollandtoad,,2,%
"Doran, the Siege Tower",Lorwyn,0,1,7,9.16,cardkingdom,tcgplayer,18,,%
Mistbind Clique,Lorwyn,0,1,8,7.96,cardkingdom,tcgplayer,21,,%
Primal Command,Lorwyn,0,1,2.06,2.99,abugames,trollandtoad,30,6,%
Lurking Predators,Magic 2010,0,1,4,6.26,cardkingdom,tcgplayer,22,,%
Grave Titan,Magic 2011,0,1,3.8,5.49,cardkingdom,trollandtoad,11,5,%
Knight Exemplar,Magic 2011,0,1,1.75,2.99,cardkingdom,trollandtoad,30,11,%
Birds of Paradise,Magic 2012,0,1,4,6.39,cardkingdom,trollandtoad,23,1,%
Primordial Hydra,Magic 2012,0,1,5,7.49,magicdotcards,trollandtoad,,2,%
Sublime Archangel,Magic 2013,0,1,5,8.16,cardkingdom,tcgplayer,21,,%
Thragtusk,Magic 2013,0,1,3.65,2.99,cardkingdom,trollandtoad,36,1,%
Darksteel Forge,Magic 2014 Core Set,0,1,3,4.89,capefeargames,trollandtoad,3,4,%
Rise of the Dark Realms,Magic 2014 Core Set,0,1,4,6.49,cardkingdom,trollandtoad,20,4,%
Ajani Steadfast,Magic 2015 Core Set,0,1,5,6.99,magicdotcards,trollandtoad,,4,%
Black Market,Mercadian Masques,0,1,2,4.89,capefeargames,trollandtoad,3,4,%
Conspiracy,Mercadian Masques,0,3,1.5,3.59,cardkingdom,tcgplayer,15,,%
Hall of Gemstone,Mirage,0,4,2,4.39,magicdotcards,trollandtoad,,2,%
Gilded Lotus,Mirrodin,0,1,6,5.99,cardkingdom,trollandtoad,18,3,%
Mindslaver,Mirrodin,0,1,3,4.97,cardkingdom,tcgplayer,21,,%
Sword of Kaldra,Mirrodin,0,1,3.5,4.79,cardkingdom,trollandtoad,18,14,%
Phyrexian Crusader,Mirrodin Besieged,0,1,4.5,7.21,cardkingdom,tcgplayer,28,,%
Angel's Grace,Modern Masters,0,1,4.95,7.99,abugames,trollandtoad,12,3,%
Blinkmoth Nexus,Modern Masters,0,1,5.56,6.99,abugames,trollandtoad,30,5,%
All Is Dust,Modern Masters 2015 Edition,0,2,5.06,8.99,abugames,trollandtoad,16,6,%
Blinkmoth Nexus,Modern Masters 2015 Edition,0,8,3.82,4.49,abugames,trollandtoad,99,25,%
Maralen of the Mornsong,Morningtide,0,1,2,4.5,magicdotcards,tcgplayer,,,%
Reveillark,Morningtide,0,2,5,5.59,magicdotcards,trollandtoad,,2,%
Rhys the Exiled,Morningtide,0,1,1.6,2.76,abugames,tcgplayer,16,,%
Birthing Pod,New Phyrexia,0,2,3.69,4.99,abugames,trollandtoad,12,6,%
Nut Collector,Odyssey,0,1,2,3.25,cardkingdom,tcgplayer,10,,%
Patron Wizard,Odyssey,0,1,3.5,4.49,cardkingdom,trollandtoad,13,10,%
Petrified Field,Odyssey,0,2,6,7.99,capefeargames,trollandtoad,8,17,%
Enchantress's Presence,Onslaught,0,1,4,4.81,cardkingdom,tcgplayer,10,,%
Insurrection,Onslaught,0,1,3,3.49,capefeargames,trollandtoad,2,11,%
Mana Echoes,Onslaught,0,1,5,7.39,cardkingdom,trollandtoad,18,12,%
Oversold Cemetery,Onslaught,0,1,4,4.96,cardkingdom,tcgplayer,14,,%
Visara the Dreadful,Onslaught,0,1,3,3.49,magicdotcards,trollandtoad,,8,%
Beast Within,Planechase 2012 Edition,0,1,2.5,4.98,capefeargames,tcgplayer,7,,%
Exotic Orchard,Planechase 2012 Edition,0,1,2,3.95,capefeargames,tcgplayer,5,,%
Blood Crypt,Return to Ravnica,0,1,4.68,7.99,abugames,trollandtoad,16,3,%
Cyclonic Rift,Return to Ravnica,0,1,3.8,6.49,cardkingdom,tcgplayer,42,,%
Overgrown Tomb,Return to Ravnica,0,1,5.34,8.99,abugames,trollandtoad,16,19,%
Rest in Peace,Return to Ravnica,0,2,3,2.99,magicdotcards,trollandtoad,,20,%
Awakening Zone,Rise of the Eldrazi,0,1,3.58,5.54,abugames,tcgplayer,16,,%
Guul Draz Assassin,Rise of the Eldrazi,0,1,3.7,4.19,cardkingdom,trollandtoad,20,1,%
Asceticism,Scars of Mirrodin,0,1,5.23,9.17,abugames,tcgplayer,16,,%
Copperline Gorge,Scars of Mirrodin,0,1,4.5,6.79,cardkingdom,trollandtoad,24,2,%
Genesis Wave,Scars of Mirrodin,0,1,4.5,6.49,cardkingdom,trollandtoad,29,4,%
Stifle,Scourge,0,1,4.7,3.49,cardkingdom,trollandtoad,18,3,%
Elvish Champion,Seventh Edition,0,1,4,3.74,cardkingdom,abugames,10,1,%
Reflecting Pool,Shadowmoor,0,1,4.2,7.21,cardkingdom,tcgplayer,23,,%
"Sygg, River Cutthroat",Shadowmoor,0,1,4,4.19,magicdotcards,trollandtoad,,6,%
Ethersworn Canonist,Shards of Alara,0,1,2.56,2.79,abugames,trollandtoad,16,1,%
Knight of the White Orchid,Shards of Alara,0,3,3.3,3.99,abugames,trollandtoad,16,11,%
"Sedris, the Traitor King",Shards of Alara,0,1,2,2.99,magicdotcards,trollandtoad,,1,%
Awakening,Stronghold,0,1,3.25,2.99,abugames,trollandtoad,10,22,%
Horn of Greed,Stronghold,0,2,4.5,4.59,cardkingdom,trollandtoad,17,1,%
Meditate,Tempest,0,2,5,4.49,magicdotcards,trollandtoad,,17,%
Nether Traitor,Time Spiral,0,1,3,4.19,magicdotcards,trollandtoad,,2,%
Scion of the Ur-Dragon,Time Spiral,0,3,4,4.79,cardkingdom,trollandtoad,19,2,%
Parallel Evolution,Torment,0,1,2.07,4.1,abugames,tcgplayer,12,,%
Opposition,Urza's Destiny,0,2,1.5,3.16,magicdotcards,tcgplayer,,,%
Pattern of Rebirth,Urza's Destiny,0,3,1.6,3.2,abugames,tcgplayer,12,,%
Goblin Welder,Urza's Legacy,0,2,2.05,2.99,cardkingdom,trollandtoad,21,2,%
Quicksilver Amulet,Urza's Legacy,0,1,5.5,8.64,cardkingdom,tcgplayer,15,,%
"Karn, Silver Golem",Urza's Saga,0,1,4.64,5.19,abugames,trollandtoad,8,1,%
Sunder,Urza's Saga,0,1,1.2,2.85,abugames,tcgplayer,15,,%
Undiscovered Paradise,Visions,0,1,3.5,6.64,cardkingdom,tcgplayer,12,,%
"Anowon, the Ruin Sage",Worldwake,0,2,1.6,3.11,abugames,tcgplayer,16,,%
Harabaz Druid,Worldwake,0,3,3.22,4.39,abugames,trollandtoad,12,5,%
"Wrexial, the Risen Deep",Worldwake,0,1,1.5,3.19,capefeargames,trollandtoad,8,1,%
Archive Trap,Zendikar,0,1,5.5,8.96,cardkingdom,tcgplayer,25,,%
Blade of the Bloodchief,Zendikar,0,2,2.25,3.61,cardkingdom,tcgplayer,27,,%
Bloodchief Ascension,Zendikar,0,1,3.25,4.39,abugames,trollandtoad,16,1,%
,Zendikar,0,1,5,6.94,magicdotcards,tcgplayer,,,%
Pyromancer Ascension,Zendikar,0,2,5.23,5.99,abugames,trollandtoad,16,20,%
